TIPLOC,Geography Description
GRGRAVE,Gargrave
SKPT,Skipton
NSHMLC,Newsham L.C.
WETHCOR,Corby Gates Signal Box
WETHERL,Wetheral
BRMPTNC,Brampton (Cumbria)
HLTWHST,Haltwhistle
BRDNML,Bardon Mill
HYDB,Haydon Bridge
HEXHAM,Hexham
CRBG,Corbridge
RIDNGML,Riding Mill
STCKSFL,Stocksfield
PRUDHOE,Prudhoe
WYLAM,Wylam
BLAYDON,Blaydon
GTSHDMC,Metrocentre
DNSN,Dunston
NRWDJN,Norwood Jn.
SEAHAM,Seaham
HRTLEPL,Hartlepool
SETNCRW,Seaton Carew
BLNGHM,Billingham
STOCTON,Stockton
TABY,Thornaby
MDLSBRO,Middlesbrough
GUSBROJ,Guisborough Jn
NUNTHRP,Nunthorpe
MARTON,Marton
GYPSYLA,Gypsy Lane
JAMCOK,James Cook Uni Hospital Stn
GTAYTON,Great Ayton
BTRSBY,Battersby
KLDL,Kildale
COMONDL,Commondale
DANBY,Danby
LEALHLM,Lealholm
CTNM,Castleton Moor
GLAISDL,Glaisdale
EGTON,Egton
GROSMNT,Grosmont
SLEGHTS,Sleights
RUSWARP,Ruswarp
WTBY,Whitby
STHBANK,South Bank
REDCBSC,British Steel Redcar
REDCARC,Redcar Central
REDCARE,Redcar East
LONGBCK,Longbeck
MRSK,Marske
SBRN,Saltburn
EGLSCLF,Eaglescliffe
ALLENSW,Allens West
TSDARPR,Tees-Side Airport
BSAUKLD,Bishop Auckland
SHDN,Shildon
NWTA,Newton Aycliffe
HGHNGTN,Heighington
HRNBPK,Hornbeam Park
HAGT,Harrogate
STARBCK,Starbeck
KNRSBGH,Knaresborough
CATTAL,Cattal
HAMERTN,Hammerton
POPLTON,Poppleton
SCARBRO,Scarborough
SEAMER,Seamer
MALTON,Malton
YORKSTB,Strensall SB
CHFN,Church Fenton
SHBN,Sherburn-In-Elmet
SELBY,Selby
SMILFD,South Milford
MCKLFLD,Micklefield
EGRFRTH,East Garforth
GARFRTH,Garforth
PTFTBHL,Pontefract Baghill
CASTLFD,Castleford
CONONLY,Cononley
STEETON,Steeton & Silsden
KEIGHLY,Keighley
CFLATTS,Crossflatts
BNGY,Bingley
SAIR,Saltaire
BRADFS,Bradford Forster Square
FRZNGHL,Frizinghall
SHPY,Shipley
BAILDON,Baildon
MENSTON,Menston
BURLYIW,Burley-In-Wharfedale
APERLYB,Apperley Bridge
GUISELY,Guiseley
SHPYDJN,Dockfield Jn
APERLYJ,Apperley Jn
BNRHYDN,Ben Rhydding
ILKLEY,Ilkley
LEED606,Leeds Sig L3606
BRLEYPK,Burley Park
HEDNGLY,Headingley
HSFT,Horsforth
WEETON,Weeton
PANNAL,Pannal
CSGT,Cross Gates
NEVLTMD,Neville Hill T&R.S.M.D
LEEDSWJ,Leeds West Junction
LEEDS,Leeds
WHRDJN,Whitehall Jn
ARMLJCN,Armley Junction
KRKSLFR,Kirkstall Forge
COTNGLY,Cottingley
MRLY,Morley
ESJLEDS,Engine Shed Jn.
WDLESFD,Woodlesford
GLASHTN,Glasshoughton
HENSALL,Hensall
WHTBDGE,Whitley Bridge
KNTNGLY,Knottingley
PTFTMHL,Pontefract Monkhill
PTFTTSF,Pontefract Tanshelf
FTHRSTN,Featherstone
STHS,Streethouse
NORMNTN,Normanton
WKFLDKG,Wakefield Kirkgate
OUTWOOD,Outwood
WKFLDWG,Wakefield Westgate
SABR,Sandal & Agbrigg
FITZWLM,Fitzwilliam
HEMSWTH,Hemsworth Loop
SKIRBYJ,South Kirkby Jn
SELMSAL,South Elmsall
MORTHGL,Moorthorpe Goods Loop
MORTHRP,Moorthorpe
MORTHSJ,Moorthorpe
DRTN,Darton
HORBRYJ,Horbury Jn
BATLEY,Batley
DWBY,Dewsbury
RTHP,Ravensthorpe
MIRFILD,Mirfield
MIRFEJN,Mirfield East Jn
HETNLJN,Heaton Lodge Jn
HETNLEJ,Heaton Lodge East Jn
SWRBBDG,Sowerby Bridge
HBDNBDG,Hebden Bridge
MYTHLMR,Mytholmroyd
BRHOUSE,Brighouse
LOWMOOR,Low Moor
HLFX,Halifax
DYCLJN,Dryclough Jn
BRLYWJN,Bradley Wood Jn
BRLYJN,Bradley Jn
DEIGHTN,Deighton
HDRSFLD,Huddersfield
SLTHWTE,Slaithwaite
MRSN,Marsden
LKWD,Lockwood
BERRYB,Berry Brow
HONLEY,Honley
BKHLS,Brockholes
STKSMR,Stocksmoor
SPLY,Shepley
DNDL,Denby Dale
BRADIN,Bradford Interchange
NPUD,New Pudsey
BRMLYSR,Bramley (Yorks)
FILEY,Filey
HUNMNBY,Hunmanby
BEMPTON,Bempton
BRDLNGT,Bridlington
NAFERTN,Nafferton
DRIFILD,Driffield
HTNCRNS,Hutton Cranswick
ARRAM,Arram
BEVERLY,Beverley
CTTGHM,Cottingham
HULL,Hull
HESSLE,Hessle
FERRIBY,Ferriby
BROUGH,Brough
BRFT,Broomfleet
GLBRDYK,Gilberdyke
ESTRNGT,Eastrington
HOWDEN,Howden
WRESSLE,Wressle
GOOLE,Goole
SLTMRSH,Saltmarshe
RAWCLIF,Rawcliffe
SNAITH,Snaith
THORNEN,Thorne North
BRTHMBR,Barton-On-Humber
BARWHVN,Barrow Haven
NHOL,New Holland
GOXHILL,Goxhill
THABBEY,Thornton Abbey
ULCEBY,Ulceby
OXMRSHX,Oxmarsh LC
HABRO,Habrough
HABRJN,Habrough
SBROUGH,Stallingborough
HEALING,Healing
GTCOATS,Great Coates
GRMSBYT,Grimsby Town
GRMSBYD,Grimsby Docks
NEWCLEE,New Clee
CLTHRPS,Cleethorpes
BNTBY,Barnetby
SCNTHRP,Scunthorpe
ALTPE,Althorpe
TRNO,Thurnscoe
GLDTHRP,Goldthorpe
BLTNODR,Bolton-On-Dearne
SWINTN,Swinton (S.Yorks)
CONBRGH,Conisbrough
MEXBRGH,Mexborough
BNSLY,Barnsley
BNSL305,Barnsley Sig 2305
ALDWRKJ,Aldwarke Jn
ALDW721,Aldwarke Jn
ROTHCEN,Rotherham Central
ROTHHJN,Holmes Jn
CHPLTWN,Chapeltown
ELSC,Elsecar
WOMBWEL,Wombwell
MEADWHL,Meadowhall
DODWRTH,Dodworth
SKSCMN,Silkstone Common
PENISTN,Penistone
BTSDSJN,Brightside Sta Jn
MILLRJ,Mill Race Jn
NNRYMLJ,Nunnery Main Line Jn
SHEFFLD,Sheffield
SHEFS81,Sheffield Signal S81
DORE,Dore
DOREWJ,Dore West Jn
DRONFLD,Dronfield
WDBRNJN,Woodburn Jn
DARNALL,Darnall
WDHOUSE,Woodhouse
BRGG,Brigg
KRTNLND,Kirton Lindsey
GBROC,Gainsborough Central
GBGHLRD,Gainsborough Lea Road
RTFDTHR,Retford Low Level
RTFDLL,Retford Low Level
WORKSOP,Worksop
WHWLL,Whitwell
WHWLDSB,Whitwell
SHRKSKS,Shireoaks
KVTNPK,Kiveton Park
KVTNBDG,Kiveton Bridge
CHFD,Chesterfield
CHFDSJ,Chesterfield South Junction
CRWLL,Creswell (Derbys)
ELMTNAC,Creswell (Derbys)
LGWITH,Langwith - Whaley Thorns
SHRBROK,Shirebrook
WHTLSEA,Whittlesea
WHTLSER,Whittlesea
MRCH,March
MRCHSTH,March
MANEA,Manea
KLYNN,Kings Lynn
KLYNNFP,Kings Lynn
WATLGTN,Watlington
DOWNHAM,Downham Market
LTLPORT,Littleport
THETFD,Thetford
BNDON,Brandon
LAKNHTH,Lakenheath
SPHL,Shippea Hill
ELYY,Ely
KENNETT,Kennett
BSTEDMS,Bury St Edmunds
THUSTON,Thurston
ELMSWEL,Elmswell
NWMKET,Newmarket
DULNGHM,Dullingham
WATBECH,Waterbeach
CAMBNTH,Cambridge North
CAMBDGE,Cambridge
CAMBDNJ,Cambridge
SHELFD,Shelford
FOXTON,Foxton
SHPRTH,Shepreth
MELDRTH,Meldreth
SHPRTBJ,Shepreth Branch Jn
WTLESFD,Whittlesford Parkway
GTCHSFD,Great Chesterford
AUDLEYE,Audley End
NEWPRTE,Newport (Essex)
ELSENHM,Elsenham
TYEGRNJ,Tye Green Junction
STANMFC,Stansted Mountfitchet
STANAIR,Stansted Airport
STANCLJ,Stansted Coopers Lane Jn
STAN201,Stansted Airport Sig L1201
STAN366,Stansted Airport Sig L1366
STAN202,Stansted Airport Sig L1202
BSHPSFD,Bishops Stortford
SBDGWTH,Sawbridgeworth
HRLWMIL,Harlow Mill
HRLWTWN,Harlow Town
ROYDON,Roydon
WRUNTON,West Runton
CMER,Cromer
SHRGHAM,Sheringham
RGHTNRD,Roughton Road
GUNTON,Gunton
NWALSHM,North Walsham
WORSTED,Worstead
WROXHAM,Hoveton & Wroxham
SALHOUS,Salhouse
YARMTH,Great Yarmouth
ACLE,Acle
LGWOOD,Lingwood
BRNYARM,Berney Arms
LOWSTFT,Lowestoft
OULTNBN,Oulton Broad North
SMRLYTN,Somerleyton
HADISCO,Haddiscoe
RDHAMN,Reedham (Norfolk)
CNTLEY,Cantley
BUCKNHM,Buckenham
BRUNDAL,Brundall
BRUNDLG,Brundall Gardens
WHTLNGJ,Whitlingham Jn
NRCH,Norwich
TRWSSBJ,Trowse Swing Bridge Jn
TROWSEJ,Trowse Jn
WYMNDHM,Wymondham
SPONRRW,Spooner Row
ATTLBON,Attleborough
ECLR,Eccles Road
HRLNGRD,Harling Road
DISS,Diss
STWMRKT,Stowmarket
NEEDHAM,Needham Market
OULTNBS,Oulton Broad South
BECCLES,Beccles
BRAMPTN,Brampton (Suffolk)
HALSWTH,Halesworth
DARSHAM,Darsham
SXMNDHM,Saxmundham
WCKHMMR,Wickham Market
MELTON,Melton
WODBDGE,Woodbridge
FLXSTOW,Felixstowe
TRIMLEY,Trimley
DERBYRD,Derby Road
WSTRFLD,Westerfield
IPSWICH,Ipswich
IPSWTFP,Ipswich
IPSWBHJ,Ipswich Boss Hall Jn
IPSWEPJ,Ipswich Europa Jn
MANNGTR,Manningtree
MISTLEY,Mistley
WRABNES,Wrabness
PRKSTON,Harwich International
PRKS211,Harwich International
PRKSTM,Harwich International
DOVRCRT,Dovercourt
HARWICH,Harwich Town
WONNAZE,Walton-On-The-Naze
FRINTON,Frinton-On-Sea
KIRBYX,Kirby Cross
CLACTON,Clacton-On-Sea
THPLESK,Thorpe-Le-Soken
WEELEY,Weeley
GTBNTLY,Great Bentley
ALRESFD,Alresford (Essex)
WIVENHO,Wivenhoe
CLCHHYT,Hythe
CLCHEGJ,Colchester East Gate Jn
CLCHRTN,Colchester Town
CLCHSTR,Colchester
CLCHUCS,Colchester
MRKSTEY,Marks Tey
CHPWKSC,Chappel & Wakes Colne
CHPWKSM,Chappel & Wakes Colne
BURES,Bures
SUDBURY,Sudbury
KELVEDN,Kelvedon
BRAINTR,Braintree
BRAINFP,Braintree Freeport
CRESING,Cressing
WNOTLEY,White Notley
WITHAME,Witham
HFLPEVL,Hatfield Peverel
CHLMDGL,Chelmsford D.G.L
CHLMSFD,Chelmsford
INGTSTN,Ingatestone
INGTSTL,Ingatestone Loop
SMINSTR,Southminster
BRNMONC,Burnham-On-Crouch
ALTHORN,Althorne
FAMBDGE,Fambridge
WDHAMFR,South Woodham Ferrers
BTLSBDG,Battlesbridge
STHVIC,Southend Victoria
PRITLWL,Prittlewell
STHEAIR,Southend Airport Stn
ROCHFD,Rochford
HOCKLEY,Hockley
RAYLEGH,Rayleigh
WIKFORD,Wickford
BILERCY,Billericay
SHENFLD,Shenfield
BRTWOOD,Brentwood
HRLDWOD,Harold Wood
GIDEAPK,Gidea Park
GIDEUGL,Gidea Park
GIDEPKS,Gidea Park C.H.S.
SHENFUL,Shenfield Up Loop
EMRSPKH,Emerson Park
UPMNSP6,Upminster
ROMFORD,Romford
ROMFDML,Romford
ROMFDGF,Romford
CHDWLHT,Chadwell Heath
CHDWHLJ,Chadwell Heath
CHDWLHR,Chadwell Heath
GODMAYS,Goodmayes
GDMYSUR,Goodmayes
SVNKNGS,Seven Kings
ILFORD,Ilford
MANRPK,Manor Park
MANRPKJ,Manor Park
MANR350,Manor Park
FRSTGTJ,Forest Gate Jn
FRSTGT,Forest Gate
MRYLAND,Maryland
SHBRYNS,Shoeburyness
THOPBAY,Thorpe Bay
STHNDE,Southend East
STHCENT,Southend Central
WCLIFF,Westcliff
CHLKWEL,Chalkwell
LHONSEA,Leigh-On-Sea
BENFLET,Benfleet
PITSEA,Pitsea
BASILDN,Basildon
SLEHOPE,Stanford-Le-Hope
THMSHVJ,Thames Haven Jn
ETILBRY,East Tilbury
TLBYTWN,Tilbury Town
LAINDON,Laindon
WHORNDN,West Horndon
OCKENDN,Ockendon
GRAYS,Grays
CHADHDD,Chafford Hundred
PURFLET,Purfleet
RNHAME,Rainham
UPMNSTR,Upminster
DGNHMDC,Dagenham Dock
BARKUPJ,Barking Upney Junction
BARKNGJ,Barking Station Jn
BARKING,Barking
BARKG1P,Barking
BARK103,Barking
BARK104,Barking
BARKG7P,Barking
WDGRNPK,Woodgrange Park
WNSTDPK,Wanstead Park
LYTNSHR,Leytonstone High Road
LEYTNMR,Leyton Midland Road
WLTHQRD,Walthamstow Queens Road
BLCHSRD,Blackhorse Road
STOTNHM,South Tottenham
HRGYGL,Harringay Green Lanes
<Null>,Harringay Green Lanes
CROUCHH,Crouch Hill
HERTFDE,Hertford East
HERTFDD,Hertford East
WARE,Ware
SMARGRT,St Margarets (Herts)
RYEHOUS,Rye House
BROXBNJ,Broxbourne Jn
BROXBRN,Broxbourne
BROXDPL,Broxbourne Down Pass Loop
CHESHNT,Cheshunt
WALHAMX,Waltham Cross
ENFLDLK,Enfield Lock
BRIMSDN,Brimsdown
PNDRSEN,Ponders End
ANGELRD,Angel Road
NMBRLPK,Northumberland Park
TTNHMHL,Tottenham Hale
LEABDGE,Lea Bridge
COPR105,Coppermill Jn Sig L1005
THBLDSG,Theobalds Grove
TURKYST,Turkey Street
SBURY,Southbury
ENFLDTN,Enfield Town
BHILLPK,Bush Hill Park
BYSTJN,Bury Street Jn
EDMNGRN,Edmonton Green
SIVRST,Silver Street
WHHRTLA,White Hart Lane
BRUCGRV,Bruce Grove
SEVNSIS,Seven Sisters
STMFDHL,Stamford Hill
STKNWNG,Stoke Newington
RCTRYRD,Rectory Road
LEAJ,Lea Junction
HACKNYW,Hackney Wick
HOMRTON,Homerton
HACKNYC,Hackney Central
NAVRDJ,Navarino Road Jn
DALSKLD,Dalston Kingsland
CNNB,Canonbury
HIGHBYE,Highbury And Islington Ell
HIGHBYA,Highbury + Islington
CLDNNRB,Caledonian Rd & Barnsbury
TMPLOCS,Temple Mills Orient Cs
TMPLMEJ,Temple Mills East Jn.
STFD,Stratford
STFDCJ,Stratford
STFDCEJ,Stratford
BOWJ,Bow Jn Sig L5069
WHAMHL,West Ham
GASFCTJ,Gas Factory Jn
GASFLP,Gas Factory Loop
LIMHSE,Limehouse
FENCHRS,London Fenchurch Street
WDST,Wood Street
CHINGFD,Chingford
HGHMSPK,Highams Park
WLTWCEN,Walthamstow Central
STJMSST,St James Street
CLAPTON,Clapton
HAKNYNM,Hackney Downs
LONFLDS,London Fields
CAMHTH,Cambridge Heath
BTHNLGR,Bethnal Green
LIVST,London Liverpool Street
JRDJ,Junction Road Jn
UPRHLWY,Upper Holloway
UPRHUGL,Upper Holloway Up Gds Loop
ACTNCTL,Acton Central
SACTON,South Acton
KENSLGJ,Kensal Green Jn
WLSDJHL,Willesden Jn. High Level
KENR,Kensal Rise
BRBYPK,Brondesbury Park
BRBY,Brondesbury
WHMDSTD,West Hampstead
FNCHLYR,Finchley Road & Frognal
HMPSTDH,Hampstead Heath
GOSPLOK,Gospel Oak
KNTSHTW,Kentish Town West
CMDNRD,Camden Road
CMDNRDJ,Camden Road
CMDNRCJ,Camden Road Central Jn
GOSP306,Gospel Oak Sig Nl1306
RICHNLL,Richmond
KEWGRDN,Kew Gardens
GNRSBRY,Gunnersbury
BRWCKUT,Berwick-Upon-Tweed
CHHL,Chathill
ALNMOTH,Alnmouth
WNGTJN,Wooden Gate Jn.
ACKLNGT,Acklington
WDRNGTN,Widdrington
PEGSWD,Pegswood
MRPTNJN,Morpeth North Jn
MRPTLP,Morpeth Loop
MRPTHRP,Morpeth
CRMLNGT,Cramlington
AIRP,Airport (Newcastle)
NWCSRC,Regent Centre (Newcastle)
SGOS,South Gosforth
HTONSJN,Heaton Sth. Jn.
MANORS,Manors
NWCSTLL,Newcastle (Metro)
NWCSTLE,Newcastle
NWCSCWE,Newcastle
NWCSCEE,Newcastle
KEBGSJN,King Edward Bridge South Jn
KEBGEJN,King Edward Bridge East Jn
FELL,Fellgate
PELAWTW,Pelaw Tyne & Wear Metro
HEWORTH,Heworth
HEWOMTR,Heworth (Metro)
HLBDGJN,High Level Bridge Jn
GRNSFDJ,Greensfield Jn.
TYNEY,Tyne S.S.
CLST,Chester-Le-Street
DRHM358,Durham Sig Ty358
DRHM,Durham
BRWHINS,Brockley Whins
EBOLDON,East Boldon
SEABURN,Seaburn
SNDRMNK,St. Peters
SNDRLND,Sunderland
CIVI,Park Lane (Sunderland)
STDI,Stadium Of Light Stn T&Wm
FYHLSJN,Ferryhill Sth. Jn.
DINSDAL,Dinsdale
NTRD,North Road
DLTNS,Darlington South Jn
DLTN,Darlington
DLTNDPL,Dltn Sth Down Passr Loop
YAAM,Yarm
NLRTN,Northallerton
LNGLNDJ,Longlands Jn
NLRT478,Northallerton Signal 478
THIRSK,Thirsk
TOLERTN,Tollerton Jn
SKELTNB,Skelton Bridge Jn.
YORK,York
SKELTON,Skelton Jn. (York)
YORKHLG,York Holgate Sidings
HAMBLNJ,Hambleton North Jn
HAMBLSJ,Hambleton South Jn.
TEMPLHJ,Temple Hirst Jn.
ULESKLF,Ulleskelf
HAMBLWJ,Hambleton West Jn.
HAMBLEJ,Hambleton East Jn
CROWLE,Crowle
THORNES,Thorne South
THORNEJ,Thorne Jn
HTFLASF,Hatfield & Stainforth
KKSNDAL,Kirk Sandall
BTLYSY,Bentley (S.Yorks)
ADWICK,Adwick
SHFTHLJ,Shaftholme Jn
ARKSEYL,Arksey Loop
DONC276,Doncaster
DONC,Doncaster
DONCLCJ,Loversall Carr Jn
RTFD,Retford
NEWANG,Newark North Gate
GTHM,Grantham
HGHDJN,Highdyke Jn.
SOKEJN,Stoke Jn.
PBRO,Peterborough
PBROE,Peterborough East Jn.
PBRO423,Peterborough Sig P423
PBRO421,Peterborough Sig P423
HOLME,Holme Jn.
HNTNGDN,Huntingdon
STNEOTS,St Neots
SNDY,Sandy
BIGLSWD,Biggleswade
ROYSTON,Royston
ASHWELC,Ashwell & Morden
BALDOCK,Baldock
LTCEMUS,Letchworth C.S.D
LTCE,Letchworth Garden City
ARLSEY,Arlesey
HITCHIN,Hitchin
STEVNGE,Stevenage
KNEBWTH,Knebworth
WLWYNN,Welwyn North
WATONAS,Watton-At-Stone
HFDN,Hertford North
BAYFORD,Bayford
CUFFLEY,Cuffley
CRHL,Crews Hill
GORDONH,Gordon Hill
ENFC,Enfield Chase
GRPK,Grange Park
WNMHILL,Winchmore Hill
PALMRSG,Palmers Green
BOWESPK,Bowes Park
WLWYNGC,Welwyn Garden City
HATFILD,Hatfield
WELHAMG,Welham Green
BRKMNPK,Brookmans Park
POTRSBR,Potters Bar
HADLYWD,Hadley Wood
NBARNET,New Barnet
OKLGHPK,Oakleigh Park
NEWSGAT,New Southgate
ALEXNDP,Alexandra Palace
ALEXPSS,Alexandra Palace
HRNS448,Wood Green Sig K448
HRNS451,Wood Green Sig K448
HRNS453,Wood Green Sig K448
HRGY,Harringay
HRNSY,Hornsey
HRNSDR1,Hornsey
HRNSDR2,Hornsey
HRNSDRS,Hornsey
HRNSURS,Hornsey
HRNSYRS,Hornsey
HRNS431,Hornsey
FNPK,Finsbury Park
FNPK68,Finsbury Park Sig K68
DRYP,Drayton Park
HGHI,Highbury & Islington
ESSEXRD,Essex Road
OLDST,Old Street
MRGT,Moorgate East
KNGXBEL,Belle Isle
KNGX,London Kings Cross
KNGXFTJ,Copenhagen Junction
LNTN,Longton
BLYBDGE,Blythe Bridge
UTOXETR,Uttoxeter
SAXILBY,Saxilby
LINCLNC,Lincoln
HLTNLMR,Holton-Le-Moor S.B.
MKTR,Market Rasen
HYKEHAM,Hykeham
SWNDRBY,Swinderby
CLHM,Collingham
MTHRNGH,Metheringham
RSKNGTN,Ruskington
ANCASTR,Ancaster
RAUCEBY,Rauceby
SLEFD,Sleaford
HCKNGTN,Heckington
SWSHEAD,Swineshead
HBRTBDG,Hubberts Bridge
BOSTON,Boston
TCULVRT,Thorpe Culvert
WAINFLT,Wainfleet
HAVENHS,Havenhouse
SKEGNES,Skegness
NWRKCAS,Newark Castle
NWRKCEJ,Newark Crossing East Jn
BOTESFD,Bottesford
ELTON,Elton & Orston
ASLCKTN,Aslockton
STAMFD,Stamford
SPALDNG,Spalding
NWSTEAD,Newstead
HUCKNAL,Hucknall
BSTWDPJ,Bestwood Park Jn
BULWELL,Bulwell
RADFDJ,Radford Jn
ATNBRO,Attenborough
BESTON,Beeston
BESTNSJ,Beeston South Jn
NTNGMJN,Mansfield Jn
NTNG,Nottingham
LOGHHOH,Hotchley Hill (East Leake)
CRTN,Carlton
BRTJYC,Burton Joyce
LOWDHAM,Lowdham
THRGRTN,Thurgarton
BLEASBY,Bleasby
FISKRTN,Fiskerton
ROLSTN,Rolleston
STYTHPX,Staythorpe X
NTHRFLD,Netherfield
RADNOT,Radcliffe (Notts)
BINGHAM,Bingham
CLAYXNJ,Clay Cross North Jn
ALFRETN,Alfreton
MFLDWSE,Mansfield Woodhouse
MFLDTWN,Mansfield
STTNPWY,Sutton Parkway
KRKYCEN,Kirkby In Ashfield
LGML,Langley Mill
ILKES,Ilkeston
ILKESJN,Ilkeston Junction
LNGEATN,Long Eaton
SHEETSJ,Sheet Stores Jn
TRENTL,Down Trent Loop
CDON,Castle Donington
EMPKWAY,East Midlands Parkway
MATLOCK,Matlock
MATLCKB,Matlock Bath
CROMFD,Cromford
WATSTND,Whatstandwell
AMBERGT,Ambergate
BELPER,Belper
DUFIELD,Duffield
DRBY,Derby
DRBYCHC,Chaddesden Curve
DRBYSMS,St.Mary's South Junction
SPDN,Spondon
PEARTRE,Peartree
STSNJN,Stenson Jn
NSJDRBY,North Stafford Jn
TUTBURY,Tutbury & Hatton
WLNTNON,Willington
BURTNOT,Burton-On-Trent
LOGHBRO,Loughborough
BAROWOS,Barrow Upon Soar
SILEBY,Sileby
SYSTNSJ,Syston South Jn
SYSTON,Syston
MLTNSDG,Melton Mowbray
OAKHAM,Oakham
LESTER,Leicester
WGSTS,South Wigston
NARBRO,Narborough
HINCKLY,Hinckley
WGSTNNJ,Wigston North Jn
KLBYBDG,Kilby Bridge Jn
MRKTHRB,Market Harborough
CORBY,Corby Station
CORBTOC,Corby Station
CORBROC,Corby Station
CORBLEW,Corby Station
CORBOAK,Corby Station
KETR,Kettering
HRWDENJ,Harrowden Jn
WLNGBRO,Wellingborough
BEDFDN,Bedford North Jn.
BEDFDM,Bedford
FLITWCK,Flitwick
HRLG,Harlington
LEAGRVJ,Leagrave Jn
LEAGRVE,Leagrave
LUTON,Luton
LUTOAPY,Luton Airport Parkway
HRPNDN,Harpenden
HRPNDNJ,Harpenden Jn
STALBCY,St Albans City
RADLETT,Radlett
RADLETJ,Radlett Jn
ELTR,Elstree & Borehamwood
MLHB,Mill Hill Broadway
HDON,Hendon
CRKLWD,Cricklewood
WHMPSTM,West Hampstead Thameslink
CTRDJN,Carlton Road Jn
KNTSHTN,Kentish Town
KNTSHTJ,Kentish Town
DOKJNSP,Dock Jn North
STPXBOX,St Pancras Int Plat A&B (FCC)
STPX,St Pancras International (MML)
NPOLEJ,North Pole Jn
NPLE813,North Pole Jn
NPLE818,North Pole Jn
NPLE816,North Pole Jn
KENOLYM,Kensington Olympia
SHPDSB,Shepherds Bush
WBRMPTN,West Brompton
NPLETB,North Pole Turnback Siding
CSEAH,Imperial Wharf
EMSWTH,Emsworth
SBOURNE,Southbourne
NUTBORN,Nutbourne
BOSHAM,Bosham
FSHBORN,Fishbourne (Sussex)
CHCHSTR,Chichester
BOGNORR,Bognor Regis
BOGNCHS,Bognor Regis
BOGNMR,Bognor Regis
BRHM,Barnham
FORD,Ford
LTLHMPT,Littlehampton
LTLHMJN,Littlehampton Junction
DRKGW,Dorking West
BTCHWTH,Betchworth
DEPDENE,Dorking Deepdene
REIGATE,Reigate
BATRSPJ,Battersea Pier Jn.
VICTRIA,London Victoria
VICTCRS,London Victoria
VICTCRB,London Victoria
VICTRIC,London Victoria
VICTRIE,London Victoria
VICT9,London Victoria
VICT10,London Victoria
VICT11,London Victoria
VICT12,London Victoria
VICT13,London Victoria
VICT14,London Victoria
VICT15,London Victoria
VICT16,London Victoria
VICT17,London Victoria
VICT18,London Victoria
VICT19,London Victoria
VICTRCR,London Victoria
BATRSPK,Battersea Park
CLPHHS,Clapham High Street
WANDCMN,Wandsworth Common
BALHAM,Balham
BATRSYD,Battersea Loop
BATRPHS,Battersea Loop
BATRSH,Battersea Loop
WIMLCHS,Wimbledon Chase
SMERTON,South Merton
MORDENS,Morden South
SHLIER,St Helier
SUTTONC,Sutton Common
NEWXUCS,New Cross Up Sussex Loop
BRC4449,Bricklayers Arm JN TVS4408
NDULWCH,North Dulwich
TULSEH,Tulse Hill
STRETHM,Streatham
TOOTING,Tooting
HYDNSRD,Haydons Road
STRESJN,Streatham South Jn
STRE171,Streatham South Jn
STRETJN,Streatham Jn
STRHCSD,Streatham Hill C.S.D.
STRHDS,Streatham Hill C.S.D.
STRHEX,Streatham Hill C.S.D.
STRHSH,Streatham Hill C.S.D.
STRHUS,Streatham Hill C.S.D.
STRHILL,Streatham Hill
WNORWOD,West Norwood
GIPSYH,Gipsy Hill
CRYSTLP,Crystal Palace
SYDENHM,Sydenham
FORESTH,Forest Hill
HONROPK,Honor Oak Park
BROCKLY,Brockley
STRHCOM,Streatham Common
CRYS167,Crystal Palace Sig Vc167
NORBURY,Norbury
THTH,Thornton Heath
SELHRST,Selhurst
NORWBOP,Norwood Fork Junctions
NORWDFJ,Norwood Fork Junctions
NORWDJ,Norwood Junction
ANERLEY,Anerley
PENEW,Penge West
SELHGRJ,Gloucester Road Junction
WCROYDN,West Croydon
ESTFLDS,Mitcham Eastfields
MITCHMJ,Mitcham Junction
WADDON,Waddon
WALNGTN,Wallington
CRSHLTB,Carshalton Beeches
HKBG,Hackbridge
CRSHLTN,Carshalton
SUTTON,Sutton (Surrey)
WSUTTON,West Sutton
BELM,Belmont
BANSTED,Banstead
CHEAM,Cheam
EWELLE,Ewell East
DORKING,Dorking
EPSDNS,Epsom Downs
ECROYDN,East Croydon
CLPH049,East Croydon
CLPH122,East Croydon
REEDHMS,Reedham
SCROYDN,South Croydon
CATERHM,Caterham
CATECHS,Caterham
TATNHMC,Tattenham Corner
TADWTH,Tadworth
KGWD,Kingswood
CHSD,Chipstead
WDMNSTR,Woodmansterne
MERSTHM,Merstham
COLSTWN,Coulsdon Town
REDHILL,Redhill
REDH487,Redhill
REDHTBS,Redhill
NUTFILD,Nutfield
SDSD,Sanderstead
RDLSDWN,Riddlesdown
UWRLNGH,Upper Warlingham
WLDNGHM,Woldingham
OXTED,Oxted
HRSTGRN,Hurst Green
LINGFLD,Lingfield
DORMANS,Dormans
EGRNSTD,East Grinstead
EDNT,Edenbridge Town
COWDEN,Cowden
HEVER,Hever
ASHURST,Ashurst
ERIDGE,Eridge
CBGH,Crowborough
BXTD,Buxted
UCKFILD,Uckfield
PURLEYO,Purley Oaks
PURLEY,Purley
PURL091,Purley
PRLYCHS,Purley
KNLY,Kenley
WHYTELF,Whyteleafe
WHYTLFS,Whyteleafe South
SNSTGF,Coulsdon North GF
COLSDNS,Coulsdon South
SNSTJN,Stoats Nest Jn.
EARLSWD,Earlswood (Surrey)
EARL206,Earlswood (Surrey)
SALFDS,Salfords
HORLEY,Horley
GTWK,Gatwick Airport
THBDGS,Three Bridges
THBDHSD,Three Bridges
THBDLP,Three Bridges
BALCMTJ,Balcombe Tunnel Jn
CRAWLEY,Crawley
IFIELD,Ifield
FAYGATE,Faygate
LHVN,Littlehaven
HLMW,Holmwood
OCKLYAC,Ockley
WARNHAM,Warnham
HORSHAM,Horsham
HORSUL,Horsham
HORS76,Horsham
CHRSTSH,Christs Hospital
BILSHST,Billingshurst
PULBRO,Pulborough
AMLY,Amberley
ARUNDEL,Arundel
ARUNDLJ,Arundel Jn
BALCOMB,Balcombe
HYWRDSH,Haywards Heath
WVLSFLD,Wivelsfield
BURGESH,Burgess Hill
HASOCKS,Hassocks
PRSP,Preston Park
BRGHTN,Brighton
HOVE673,Brighton
HOVE674,Brighton
ALDTON,Aldrington
PSLDAWH,Portslade
FSHRSGT,Fishersgate
STHWICK,Southwick
SHRHMBS,Shoreham-By-Sea
EWRTHNG,East Worthing
LNCG,Lancing
WORTHNG,Worthing
DRNGTOS,Durrington-On-Sea
GORNGBS,Goring-By-Sea
ANGMRNG,Angmering
HOVE,Hove
WWRTHNG,West Worthing
BRGHLRD,London Road (Brighton)
MLSECMB,Moulsecoomb
FAMR,Falmer
PLMPTON,Plumpton
COKSBDG,Cooksbridge
LEWES,Lewes
LEWES58,Lewes Signal Lw58
SESARDM,Southease
NEWHVNT,Newhaven Town
NEWHVNH,Newhaven Harbour
NEWHVNM,Newhaven Marine
BSSN,Bishopstone
SEAFORD,Seaford
GLYNDE,Glynde
BERWICK,Berwick (Sussex)
POLGATE,Polegate
WILDJN,Willingdon Jn
HMPDNPK,Hampden Park
EBOURNE,Eastbourne
CODNBCH,Cooden Beach
PVNSYBY,Pevensey Bay
PVNSYAW,Pevensey & Westham
NRMNSBY,Normans Bay
CTNG,Collington
BEXHILL,Bexhill
BIRKBCK,Birkbeck
RDNGSJN,Reading Spur Jn
RDNG4AB,Reading
RDNGSTJ,Reading Southern Jn
REDGGPK,Reading Green Park
YOVILPM,Yeovil Pen Mill
THFORD,Thornford
YTMNSTR,Yetminster
CHETNOL,Chetnole
MDNNWTN,Maiden Newton
GLHM,Gillingham (Dorset)
TISBRYL,Tisbury Loop
TISBURY,Tisbury
TMPCMB,Templecombe
TMPCMSB,Templecombe
HENXRDS,Templecombe
SHERBRN,Sherborne
YOVILJN,Yeovil Junction
YOVIJMS,Yeovil Junction
YOVIJDP,Yeovil Junction
FENITON,Feniton
WHIMPLE,Whimple
HONITON,Honiton
AXMNSTR,Axminster
CHRDJSB,Chard Jn. S.B
CRKRN,Crewkerne
ESHER,Esher
HERSHAM,Hersham
WONT,Walton-On-Thames
WEYBDGE,Weybridge
WEYBETC,Weybridge
WEYBDGB,Weybridge
WEYB102,Weybridge Sig.Wk1102
ADLESTN,Addlestone
CHTSEY,Chertsey
FRNB100,Farnborough Sig Be5100
BYFLANH,Byfleet & New Haw
WBYFLET,West Byfleet
WOKIV84,Woking
WOKING,Woking
WOKINGB,Woking
WOKI119,Woking
WOKIV28,Woking
WOKI214,Woking
WOKIV57,Woking
WOKINGJ,Woking Jn
BRKWOOD,Brookwood
FRBRMN,Farnborough (Main)
FRBRYW4,Farnborough (Main)
FLEET,Fleet
WNCFILD,Winchfield
HOOK,Hook
WNCF103,Winchfield Signal Be5103
MTIMER,Mortimer
BMLY,Bramley (Hants)
BSNGSTK,Basingstoke
BSNGW30,Basingstoke
BSNGSEB,Basingstoke
OVTN,Overton
WHTCHRH,Whitchurch (Hants)
ANDOVER,Andover
GRATELY,Grateley
WALRSAL,Wallers Ash Loop
MCHLDVR,Micheldever
WNCHSTR,Winchester
SHAWFD,Shawford
ELGH,Eastleigh
ELGH81,Eastleigh
ROMSEY,Romsey
ELGHEJN,Eastleigh East Jn
ELGH230,Eastleigh East Jn
ELGH222,Eastleigh East Jn
MOTFONT,Dunbridge
CSFD,Chandlers Ford
DEAN,Dean
SLSBRY,Salisbury
SLSBY5B,Salisbury
SLSBY6B,Salisbury
SLSB43,Salisbury
SLSB52,Salisbury
ROMS882,Romsey Signal Eh228
WILTON,Wilton
WNCF102,Winchfield Sig Be5102
HEDGEND,Hedge End
BOTLEY,Botley
BOTL295,Botley
WOLSTON,Woolston
BITERNE,Bitterne
SHOLING,Sholing
NETLEY,Netley
HMBLE,Hamble
BURSLDN,Bursledon
SWNWICK,Swanwick
FARE825,Fareham Sig E825
FAREHAM,Fareham
FARENJN,Fareham North Jn
PCHESTR,Portchester
SHANKLN,Shanklin
LAKEIOW,Lake
SNDOWN,Sandown
BRDING,Brading
SMALBRK,Smallbrook Junction
RYDS,Ryde St Johns Road
RYDE,Ryde Esplanade
RYDP,Ryde Pier Head
COSHAM,Cosham
COSHAMJ,Cosham Jn
PHBR,Portsmouth Harbour
POMOHSP,Portsmouth Harbour
CLRNCEP,Portsmouth Harbour
POMOPLD,Portsmouth Harbour
PSEA,Portsmouth & Southsea
FRATTON,Fratton
FRATTNE,Fratton East
HILSEA,Hilsea
BDHMPTN,Bedhampton
HAVANT,Havant
WRBLNGT,Warblington
SOTPKWY,Southampton Airport Parkwy
SWYTHLN,Swaythling
STDENYS,St Denys
STDE704,St Denys Sig E704
STDE706,St Denys Signal E706
SOTON,Southampton Central
SOTONSF,Southampton Central
SOTONB,Southampton Central
SOTONBS,Southampton Central
MBRK,Millbrook (Hants)
MBRK850,Millbrook (Hants)
REDBDGE,Redbridge
TOTTON,Totton
FWLY,Fawley Esso
FWLYESO,Fawley Esso
LYNDHRD,Ashurst New Forest
BLIEURD,Beaulieu Road
BKNHRST,Brockenhurst
LMTNTWN,Lymington Town
LMTNPIR,Lymington Pier
SWAY,Sway
NMILTON,New Milton
HINTONA,Hinton Admiral
CHRISTC,Christchurch
POKSDWN,Pokesdown
BOMO,Bournemouth
BRANKSM,Branksome
PSTONE,Parkstone (Dorset)
POOLE,Poole
POLEFT,Poole
HMWTHY,Hamworthy
SWNANDN,Norden
SWNACFC,Corfe Castle
HOLTONH,Holton Heath
WARHAM,Wareham
WORGRTJ,Worgret Jn
WOOL,Wool
MORETON,Moreton (Dorset)
DRCHS,Dorchester South
DRCHW,Dorchester West
UPWEY,Upwey
WEYMTH,Weymouth
WEYMOCS,Weymouth
WINETGL,Winnersh Triangle
ERLY,Earley
WINERSH,Winnersh
WOKNGHM,Wokingham
CRWTHRN,Crowthorne
SNDHRST,Sandhurst
BCKWATR,Blackwater
FRBRNTH,Farnborough North
NTHCAMP,North Camp
ASHH,Ash
WANBRO,Wanborough
WANB199,Wanborough
ALTON,Alton
BNTEY,Bentley
FARNHAM,Farnham
ALDRSHT,Aldershot
ASHVALE,Ash Vale
WRPLSDN,Worplesdon
GUILDFD,Guildford
GUILDFY,Guildford
FRNCMB,Farncombe
GDLMING,Godalming
MLFORD,Milford (Surrey)
WITLEY,Witley
HASLEMR,Haslemere
LIPHOOK,Liphook
LISS,Liss
PTRSFLD,Petersfield
RWLNDSC,Rowlands Castle
LRDGFD,London Road (Guildford)
CLANDON,Clandon
HRSLEY,Horsley
EFNGHMJ,Effingham Junction
EFNGS98,Effingham Junction
EFNGSHD,Effingham Junction
BOOKHAM,Bookham
CBHMSDA,Cobham & Stoke D'Abernon
SHALFD,Shalford
CHLWTH,Chilworth
GOMSHAL,Gomshall
FRIMLEY,Frimley
CMBLEY,Camberley
MHERON,Martins Heron
BRACKNL,Bracknell
BAGSHOT,Bagshot
ASCOT,Ascot
SUNNGDL,Sunningdale
LNGCROS,Longcross
VRGNWTR,Virginia Water
EGHAM,Egham
WRYSBRY,Wraysbury
SUNYMDS,Sunnymeads
DATCHET,Datchet
WSORAER,Windsor & Eton Riverside
VRGN491,Virginia Water Signal F491
STAINES,Staines
STAINSS,Staines
ASFDMSX,Ashford (Middlesex)
FELTHAM,Feltham
WHTTON,Whitton
TWCKNHM,Twickenham
STMGTS,St Margarets
STRWBYH,Strawberry Hill
RICHMND,Richmond
NSHEEN,North Sheen
MRTLKE,Mortlake
HOUNSLW,Hounslow
ISLEWTH,Isleworth
SYONLA,Syon Lane
BNTFORD,Brentford
KEWBDGE,Kew Bridge
CHISWCK,Chiswick
BARNES,Barnes
BNSBDGE,Barnes Bridge
PUTNEY,Putney
WDWTOWN,Wandsworth Town
POINTPJ,Wandsworth Town
KMPTNPK,Kempton Park
SHEPRTN,Shepperton
UHALIFD,Upper Halliford
SUNBURY,Sunbury
HAMPTON,Hampton
TEDNGTN,Teddington
FULWELL,Fulwell
KGSTON,Kingston
HAMWICK,Hampton Wick
NRBITON,Norbiton
NEWMLDN,New Malden
BRLANDS,Berrylands
SURBITN,Surbiton
TDITTON,Thames Ditton
HCRT,Hampton Court
HNCHLYW,Hinchley Wood
CLYGATE,Claygate
OXSHOTT,Oxshott
WATRLOO,London Waterloo
WATRLMN,London Waterloo
WATRLOW,London Waterloo
VAUXHAL,Vauxhall
VAUXHLW,Vauxhall
VAUXHLM,Vauxhall
NINELMJ,Nine Elms Jn
QTRDBAT,Queenstown Rd.(Battersea)
CLPHMJN,Clapham Junction
CLPHJCS,Clapham Junction
CLPHMJ1,Clapham Junction
CLPH149,Clapham Junction
CLPHMJ2,Clapham Junction
CLPHCMD,Clapham Junction
CLPHMJC,Clapham Junction
CLPHMJW,Clapham Junction
CLPHMJM,Clapham Junction
CLPHJLP,Clapham Junction
ERLFLD,Earlsfield
WDNPK,Wimbledon Park
WDONDSX,Durnsford Road Staff Halt
DRNSFDR,Durnsford Road Staff Halt
WDNLUL,Wimbledon L.U.L.
WIMBLDN,Wimbledon
WDONSS,Wimbledon
WDON,Wimbledon
WDONTC,Wimbledon
WDONCHS,Wimbledon
WIMB827,Wimbledon
WDON181,Wimbledon
RAYNSPK,Raynes Park
MOTSPRP,Motspur Park
WRCSTRP,Worcester Park
STLEIGH,Stoneleigh
EWELW,Ewell West
MALDENM,Malden Manor
TOLWTH,Tolworth
CHSSN,Chessington North
CHSSS,Chessington South
EPSM,Epsom
EPSM444,Epsom
EPSMSW,Epsom
ASHD,Ashtead
LETHRHD,Leatherhead
BOXHAWH,Box Hill & Westhumble
FRNDNLT,Farringdon
FNTLSR,Farringdon
WNDSWRD,Wandsworth Road
LNGHDGJ,Longhedge Jn
FACTRYJ,Factory Jn
CTMSLNK,City Thameslink
BLFR,London Blackfriars
ELPHNAC,Elephant & Castle
LBGHJN,Loughborough Jn
BRIXTON,Brixton
HERNEH,Herne Hill
SURRQSS,Silwood Stabling SDGS
CRBTLNJ,Corbetts Lane Jn
LNDNBCJ,Brunswick Court Jn
LNDNBDG,London Bridge
LNDNBDC,London Bridge
LNDNBDE,London Bridge
LNDN490,London Bridge
NEWXGTE,New Cross Gate
NEWXGEL,New Cross Gate
DENMRKH,Denmark Hill
PCKHMRY,Peckham Rye
PKHMRYC,Peckham Rye
EDULWCH,East Dulwich
GODSTON,Godstone
EDNB,Edenbridge
PNSHRST,Penshurst
LEIGHK,Leigh (Kent)
WDULWCH,West Dulwich
SYDNHMH,Sydenham Hill
WSLE,West St Leonards
STLNRWS,St Leonards Warrior Sq
BOPEEPJ,Bopeep Jn S.B.
HASTING,Hastings
HASTCHS,Hastings
OREE,Ore
THOK,Three Oaks
DOLEHAM,Doleham
WINCHLS,Winchelsea
LDYW,Ladywell
LDYWJN,Ladywell Jn
CATFBDG,Catford Bridge
LSYDNHM,Lower Sydenham
KENTHOS,Kent House
BCKNHMJ,Beckenham Junction
BCKNMJC,Beckenham Junction
NBCKNHM,New Beckenham
CLOCKHS,Clock House
ELMERSE,Elmers End
EDPK,Eden Park
WWICKHM,West Wickham
HAYS,Hayes (Kent)
HAYSCHS,Hayes (Kent)
EWERSTJ,Ewer Street Jn
CRFDSPR,Crayford Spur
CHRX,London Charing Cross
WLOE,London Waterloo (East)
CANONST,London Cannon Street
SBRMNDS,South Bermondsey
PCKHMQD,Queens Rd Peckham
NKENTEJ,North Kent East Jn
NWCROSS,New Cross
STJOHNS,St Johns
NUNHEAD,Nunhead
LEWISHM,Lewisham
BLKHTH,Blackheath
KIDBROK,Kidbrooke
ELTHAM,Eltham
WELLING,Welling
FALCNWD,Falconwood
BXLYHTH,Bexleyheath
BRNHRST,Barnehurst
SLADEGN,Slade Green
ERITHLP,Erith Loop
DEPTFD,Deptford
GNWH,Greenwich
MAZEH,Maze Hill
WCOMBEP,Westcombe Park
GRVPKDS,Grove Park Dn SDGS (Bramdean)
HTHRGRN,Hither Green
LEEE,Lee
MOTNGHM,Mottingham
NWELTHM,New Eltham
SIDCUP,Sidcup
ALBNYPK,Albany Park
BEXLEY,Bexley
CRFD,Crayford
DARTFD,Dartford
CFPK,Crofton Park
ELMW,Elmstead Woods
CATFORD,Catford
SNDP,Sundridge Park
BELNGHM,Bellingham
BCKNHMH,Beckenham Hill
RBRN,Ravensbourne
SHRTLND,Shortlands
PNGEE,Penge East
BROMLYS,Bromley South
BICKLEY,Bickley
BICKLYJ,Bickley Jn
FRNNGRD,Farningham Road
GRVPK,Grove Park
BROMLYN,Bromley North
CHSLHRS,Chislehurst
STMRYCJ,St Mary Cray Jn
SWLY,Swanley
SWNLYCS,Swanley
LGFD,Longfield
MEOPHAM,Meopham
SOLEST,Sole Street
PETSWDJ,Petts Wood Jn
ORPNGTN,Orpington
PETSWD,Petts Wood
STMRYC,St Mary Cray
CHLSFLD,Chelsfield
CRLN,Charlton
WOLWCDY,Woolwich Dockyard
WOLWCHA,Woolwich Arsenal
PLMS,Plumstead
ABWD,Abbey Wood
BELVEDR,Belvedere
ERITH,Erith
STCR,Stone Crossing
GNHT,Greenhithe For Bluewater
SWNSCMB,Swanscombe
NRTHFLT,Northfleet
GRVSEND,Gravesend
HIGM,Higham
STROOD,Strood
RCHTBDJ,Rochester Bridge Jn
RCHT,Rochester
CHATHAM,Chatham
GLNGHMK,Gillingham (Kent)
RAINHMK,Rainham (Kent)
NEWNGTN,Newington
STNGWJN,Western Jn (Sittingbourne)
STNGMJN,Kemsley
KMSLY,Kemsley
SWALE,Swale
SWAL107,Swale
QUENBRO,Queenborough
SHRNSOS,Sheerness-On-Sea
STNGBRN,Sittingbourne
STNGV76,Sittingbourne
TEYNHAM,Teynham
HALG,Halling
CXTN,Cuxton
SNODLND,Snodland
NWHYTHE,New Hythe
AYLESFD,Aylesford
MSTONEB,Maidstone Barracks
MSTONEW,Maidstone West
MSTO9,Maidstone East Signal Me9
PLUCKLY,Pluckley
EFARLGH,East Farleigh
HEADCRN,Headcorn
HEADUGL,Headcorn
WTRSHMR,Headcorn
CRANDLP,Cranmore Down Loop
WTRNGBY,Wateringbury
SPHS,Staplehurst
YALDING,Yalding
MARDEN,Marden
BLTRNAB,Beltring
PKWD,Paddock Wood
PKWDDSW,Paddock Wood
PKWDUS,Paddock Wood
KNCKHLT,Knockholt
DTNG,Dunton Green
EYNSFD,Eynsford
SHRMKT,Shoreham (Kent)
OTFORDJ,Otford Jn
OTFORD,Otford
BATABAL,Bat & Ball
SVNOAKS,Sevenoaks
SVNODS,Sevenoaks
SVNOES,Sevenoaks
HLDNBRO,Hildenborough
TONBDG,Tonbridge
HBROOMS,High Brooms
TUNWELL,Tunbridge Wells
STWHTNL,Strawberry Hill Tunnel
FRANT,Frant
WADHRST,Wadhurst
SNGT,Stonegate
ETCHNGM,Etchingham
RBRTSBD,Robertsbridge
BATTLE,Battle
CRWHRST,Crowhurst
KEMSING,Kemsing
BORWGAW,Borough Green & Wrotham
BARMING,Barming
MSTONEE,Maidstone East
BSTD,Bearsted
HBRN,Hollingbourne
HRSM,Harrietsham
LENHAM,Lenham
CRNG,Charing
WMALING,West Malling
EMALING,East Malling
ASHFEBS,Ashford East Berthing SDGS
ASHFDNS,Ashford Yard T.C.
ASHFDYW,Ashford Down Yard Washer Rd
ASHFKY,Ashford International
ASHFKI,Ashford International
HMST,Ham Street
APDR,Appledore (Kent)
ASHFKCY,Ashford D Y Canterbury End
RYEE,Rye
WYEE,Wye
CLMN,Chilham
CHARTHM,Chartham
CNTBW,Canterbury West
STURRY,Sturry
MINSTER,Minster
RAMSDRW,Ramsgate Depot Reception West
SWCH,Sandwich
DEAL,Deal
WALMER,Walmer
MMIL,Martin Mill
DUMPTNP,Dumpton Park
RAMSGTD,Ramsgate E.M.U.D.
RAMSGTE,Ramsgate
BRSR,Broadstairs
MARGATE,Margate
MARGCHS,Margate
WESGTOS,Westgate-On-Sea
BCNGNOS,Birchington-On-Sea
HRNEBAY,Herne Bay
2005-03-01 00:00:00,Margate Sig Ek5105
CHSW,Chestfield & Swalecliffe
WHSTBLE,Whitstable
FAVRSHM,Faversham
FAVRCHS,Faversham
SELLING,Selling
CNTBE,Canterbury East
BEKSBRN,Bekesbourne
ADISHAM,Adisham
ALSHAM,Aylesham
SNWDNAN,Snowdown
SWELL,Shepherds Well
KSNY,Kearsney
BCKJN,Buckland Jn
DOVERP,Dover Priory
DOVERPS,Dover Priory Sidings
DOVE623,Dover Signal Ye623
FLKSTNE,Folkestone East
FLKSETR,Folkestone East Train Road
FLKSTNC,Folkestone Central
FLKSTNW,Folkestone West
SDLG,Sandling
WENHNGR,Westenhanger
STFORDI,Stratford International
STFODOM,Stratford International
STPANCI,St Pancras International (HS1)
STPADOM,St Pancras International (HS1)
EBSFLTI,Ebbsfleet International
EBSFDOM,Ebbsfleet International
ASHFCWJ,Ashford West Jn (CTRL)
AMERSHM,Amersham
CHLFNAL,Chalfont & Latimer
CHRW,Chorleywood
RCKMNSW,Rickmansworth
WTFDSJN,Watford South Jn_(Met)
HAROOTH,Harrow-On-The-Hill
TREHRBT,Treherbert
YNYSWEN,Ynyswen
TREORCY,Treorchy
TONPNTR,Ton Pentre
YTRHOND,Ystrad Rhondda
LLWYNYP,Llwynypia
TNYPNDY,Tonypandy
DINASR,Dinas Rhondda
PORH,Porth
TREHAFD,Trehafod
ABDARE,Aberdare
CMBH,Cwmbach
ABCWM,Abercwmboi
FERNHIL,Fernhill
MASH,Mountain Ash
PNRHCBR,Penrhiwceiber
PNTRBCH,Pentre-Bach
TRDYRHW,Troed Y Rhiw
MERTHRV,Merthyr Vale
QUAKRSY,Quakers Yard
MERTHYR,Merthyr Tydfil
ABRCYNS,Abercynon
PTYPRID,Pontypridd
TREFRST,Trefforest
TRFRSTE,Trefforest Estate
TAFFSWL,Taffs Well
RHYMNEY,Rhymney
PNTLTYN,Pontlottyn
TIRPHIL,Tir-Phil
BRITHDR,Brithdir
BARGOED,Bargoed
GLFCHFR,Gilfach Fargoed
PENGAM,Pengam
HENGOED,Hengoed
YSTRADM,Ystrad Mynach
YSTRDMN,Ystrad Mynach
LLBRDCH,Llanbradach
ERGNCHP,Energlyn & Churchill Park
ABER,Aber
CRPHLY,Caerphilly
LTHH,Lisvane & Thornhill
LLISHEN,Llanishen
HEATHHL,Heath High Level
CORYTON,Coryton
WHCH,Whitchurch (Cardiff)
RHIWBNA,Rhiwbina
BCHGRV,Birchgrove
TYGLAS,Ty Glas
HEATHLL,Heath Low Level
RADYR,Radyr
RADYQJB,Radyr
LLANDAF,Llandaf
CATHAYS,Cathays
CARDFQS,Cardiff Queen Street
CARD410,Cardiff Queen Street
CARDFBR,Cardiff Bay
DANESCT,Danescourt
FRWATER,Fairwater
WAUNGRN,Waun-Gron Park
CNNBELL,Canonbury Ell
DALS,Dalston Junction (Ell)
HAGGERS,Haggerston (Ell)
HOXTON,Hoxton (Ell)
SHRDHST,Shoreditch High Street (Ell)
WCHAPEL,Whitechapel (Ell)
WCHAPXR,Whitechapel Crossrail
SHADWEL,Shadwell (Ell)
WAPPING,Wapping (Ell)
CANWHRF,Canary Wharf
CUSTMHS,Custom House West
LIVSTLL,Liverpool St Crossrail
FRNDXR,Farrington Crossrail
PADTLL,Paddington Crossrail
BONDST,Bond Street
TOTCTRD,Tottenham Court Road
HTRWTM5,London Heathrow Airport Tml 5
HTRWTM4,Heathrow Terminal 4
HTRWAPT,Heathrow Terminals 2 & 3
RTHERHI,Rotherhithe (Ell)
CNDAW,Canada Water (Ell)
SURREYQ,Surrey Quays
NWCRELL,New Cross Ell Stn
WOLWXR,Woolwich
ABWDXR,Abbey Wood (Crossrail)
NTHOLTP,Northolt Park
SDBRYHH,Sudbury Hill Harrow
SDBRYHR,Sudbury & Harrow Road
WEMBLSM,Wembley Stadium
NEASDSJ,Neasden South Jn
MARYLBN,London Marylebone
WELNGTN,Wellington (Shropshire)
OAKNGTS,Oakengates
TELFRDC,Telford Central
PNKRDG,Penkridge
SHIFNAL,Shifnal
COSFORD,Cosford
ALBRGHT,Albrighton
CODSALL,Codsall
BILBROK,Bilbrook
WVRMPTN,Wolverhampton
HNDSHWT,The Hawthorns
BHAMJEW,Jewellery Quarter
LCHTTVH,Lichfield Trent Valley Hl
LCHC,Lichfield City
SHNS,Shenstone
BLKST,Blake Street
BTLRSLA,Butlers Lane
RUGLTWN,Rugeley Town
HDNS,Hednesford
CNCK,Cannock
LNDYW,Landywood
BLOXN,Bloxwich North
BLOXWCH,Bloxwich
WALSRJN,Ryecroft Jn
WALSALL,Walsall
FOUROKS,Four Oaks
SUTCO,Sutton Coldfield
WYGN,Wylde Green
CHSRD,Chester Road
ERDNGTN,Erdington
GRAVLYH,Gravelly Hill
LEAHALL,Lea Hall
STECHFD,Stechford
ADERLYP,Adderley Park
PROOFHJ,Proof House Jn
BHAMNBL,Birmingham New St Ballast
BHAMNWS,Birmingham New Street
BHAMNHS,Birmingham New Street
DUDESTN,Duddeston
ASTON,Aston
WITTON,Witton
PRYBR,Perry Barr
PRYBRNJ,Perry Barr North Jn
HAMSTED,Hamstead
TAMEBDG,Tame Bridge Parkway
BSCTSTA,Bescot Stadium
COSELEY,Coseley
TIPTON,Tipton
DUDLPT,Dudley Port
SNDWDUD,Sandwell & Dudley
GALTILL,Smethwick Galton Bdg L.L.
SMTHKRS,Smethwick Rolfe Street
SOHOSJ,Soho South Jn
GALTINT,Smethwick Galton Bdg H.L.
LGRN,Langley Green
ROWLEYR,Rowley Regis
OLHL,Old Hill
CRADLYH,Cradley Heath
LYEE,Lye
STRBDG1,Stourbridge Jn (Town Plat)
STRBDGJ,Stourbridge Junction
HAGLEY,Hagley
KDRMNST,Kidderminster
BLAKEDN,Blakedown
STRBDGT,Stourbridge Town
HBRY,Hartlebury
TMWTHHL,Tamworth Hl
WILNECT,Wilnecote
COLESHL,Coleshill Parkway
WTRORTN,Water Orton
LNDRSTJ,Landor Street Jn
BHAMSNH,Birmingham Snow Hill
BHAMMRS,Birmingham Moor Street
BRDS,Bordesley
SMLHTH,Small Heath
SMLHTHS,Small Heath South Jn
ACOCKSG,Acocks Green
SOLIHUL,Solihull
DORIDGE,Dorridge
LAPWRTH,Lapworth
HATTON,Hatton
WARWICK,Warwick
HATTNNJ,Hatton North Jn
SPRD,Spring Road
SHIRLEY,Shirley
HLGN,Hall Green
YRDLYWD,Yardley Wood
WHLE,Whitlocks End
HENLYIA,Henley-In-Arden
WYTH,Wythall
ELWD,Earlswood (West Midlands)
SOAVPWY,Stratford Parkway
SOAV,Stratford-Upon-Avon
WILMCOT,Wilmcote
BEARLEY,Bearley
CLAVRDN,Claverdon
WOTONWN,Wootton Wawen
DANZEY,Danzey
WDND,Wood End
THELAKS,The Lakes
TYSL,Tyseley
OLTON,Olton
WDNYMNR,Widney Manor
DORIUPL,Dorridge Up Passenger Loop
FIVEWYS,Five Ways
UNVRSYB,University
SELYOAK,Selly Oak
BOURNVL,Bournville
KNORTON,Kings Norton
NRTF,Northfield
LONB,Longbridge
BGRN,Barnt Green
ALVCHRC,Alvechurch
RDIT,Redditch
BRMSGRV,Bromsgrove
STKWKSJ,Stoke Works Jn
DRTWCHS,Droitwich Spa
WORCTJN,Tunnel Jn
WORCSSH,Worcester Shrub Hill
NRTNJN,Norton Jn
WORCSFS,Worcester Foregate Street
HENWICK,Henwick
MLVRNLK,Malvern Link
GTMLVRN,Great Malvern
CLWALL,Colwall
LDBURY,Ledbury
COVAREN,Coventry Arena
COVNTRY,Coventry
CANLEY,Canley
TILEH,Tile Hill
BKSWELL,Berkswell
HMPTNIA,Hampton-In-Arden
BHAMINT,Birmingham International
MRSTNGR,Marston Green
LMNGTNS,Leamington Spa
MLVTJN,Milverton Jn
KENLWTH,Kenilworth Jns
KENLSTN,Kenilworth
WARWPWY,Warwick Parkway
FENNYCM,Fenny Compton
BNBR,Banbury
KINSSTN,Kings Sutton
BCSTN,Bicester North
HADMATP,Haddenham & Thame Parkway
CALVERT,Calvert
QUNTRD,Quainton Road
AYLSNL,Aylesbury North Loop
AYLSBRY,Aylesbury
AYLSPWY,Aylesbury Vale Parkway
STKM,Stoke Mandeville
WENDOVR,Wendover
GTMSNDN,Great Missenden
SRUISLP,South Ruislip
WRUISLP,West Ruislip
DENHAM,Denham
DENHMGC,Denham Golf Club
HWYC139,High Wycombe Signal Me139
HWYC641,High Wycombe Signal Me139
HWYCENG,High Wycombe Signal Me139
GERRDSX,Gerrards Cross
SEERGRN,Seer Green
BCNSFLD,Beaconsfield
HWYCOMB,High Wycombe
SUNDRTN,Saunderton
PRINRIS,Princes Risborough
PRINACE,Princes R'Boro Ace
MNKRISB,Monks Risborough
LTLKMBL,Little Kimble
OXFPWAY,Oxford Parkway
BCSTRTN,Bicester Village
ISLIP,Islip
BCSTSJ,Bicester South Jn
BCSTGJN,Bicester Gavray Jn
BCST792,Bicester Sig Ob1792
QNTNSHL,Quintinshill Pass Loops
GRETGRN,Gretna Green
CARLILE,Carlisle
CARLLHS,Carlisle
PETLBGJ,Petteril Bridge Jn
CARL404,Petteril Bridge Jn
DALSTON,Dalston
WIGTON,Wigton
PNTH,Penrith North Lakes
TEBAY,Tebay
HOWEACS,Howe & Co SDGS
LOWHXSB,Low House Crossing S.B.
ARMTHWT,Armathwaite
LAZKRKO,Lazonby & Kirkoswald
LWBY,Langwathby
APBY,Appleby
KSTP,Kirkby Stephen
GARSDLE,Garsdale
DENT,Dent
RIBLHED,Ribblehead
HTNRIBL,Horton In Ribblesdale
SETTLE,Settle
SETTLEJ,Settle Jn
LPRESTN,Long Preston
HELIFLD,Hellifield
ASPTRIA,Aspatria
MPRT,Maryport
FLIMBY,Flimby
WKNT,Workington
WKNTDRL,Workington
HNGT,Harrington
PARTON,Parton
WHITHVN,Whitehaven
CRCK,Corkickle
BRYSTNS,Braystones
NETHRTN,Nethertown
STBEES,St Bees
SELAFLD,Sellafield
SEASCAL,Seascale
DRIGG,Drigg
RGLS,Ravenglass For Eskdale
WMER,Windermere
STAVELY,Staveley
BNSD,Burneside
KENDAL,Kendal
OXENHLM,Oxenholme Lake District
OXEN45,Oxenholme Signal CE45
BOOTLE,Bootle
SILCRFT,Silecroft
MLLM,Millom
GREENRD,Green Road
FOXFILD,Foxfield
KRKBYIF,Kirkby-In-Furness
ASKAM,Askam
BAROW,Barrow-In-Furness
BAROWHS,Barrow-In-Furness
ROOSE,Roose
DALTON,Dalton
ULVRSTN,Ulverston
CARK,Cark
KTBK,Kents Bank
GOVS,Grange-Over-Sands
ARNSIDE,Arnside
SDAL,Silverdale
CRNF,Carnforth
CRNFNJN,Carnforth North Jn
WENNGTN,Wennington
BNTHAM,Bentham
CLPM,Clapham (Nth Yorkshire)
GGLSWCK,Giggleswick
HEYSHBR,Heysham Harbour
HEYMST,Heysham Harbour
MORCAME,Morecambe
MORCJGF,Morecambe Jn G.F.
BARELA,Bare Lane
MORCMSJ,Morecambe South Jn
LANCSTR,Lancaster
HALRYDJ,Hall Royd Jn
BURNMR,Burnley Manchester Road
COLNE,Colne
CHAFRSS,Chaffers LC (Tmo)
NLSN,Nelson
BRIERFL,Brierfield
BURNLYC,Burnley Central
BURNLYB,Burnley Barracks
ROSG,Rose Grove
ROSGDGL,Rose Grove
ROSGWJN,Rose Grove
HAPTON,Hapton
HUNCOAT,Huncoat
ACRNGTN,Accrington
CHOS,Church & Oswaldtwistle
RISHTON,Rishton
CLITHRO,Clitheroe
WHALLEY,Whalley
LGHO,Langho
RMSWILP,Ramsgreave & Wilpshire
BLKB,Blackburn
MLHL,Mill Hill (Lancashire)
CHTR,Cherry Tree
PLSNGTN,Pleasington
DARWEN,Darwen
ENTWISL,Entwistle
BRMCRSS,Bromley Cross
HITW,Hall I' Th' Wood
BLCKPLN,Blackpool North
BLCKNHS,Blackpool North
LAYTON,Layton
BLCKS,Blackpool South
BLCKPB,Blackpool Pleasure Beach
SQUIRES,Squires Gate
STAS,St Annes-On-The-Sea
ANSDELL,Ansdell & Fairhaven
LYTHAM,Lytham
MSSD,Moss Side
PLTNLFY,Poulton-Le-Fylde
KIRKHAM,Kirkham & Wesham
KIRKMWJ,Kirkham West Jn
SALWICK,Salwick
OXHYSGL,Oxheys Goods Loop
PRSTNFJ,Preston Fylde Jn.
PRST,Preston
PRSTN4B,Preston
PRSTUGL,Preston
BMBRBDG,Bamber Bridge
LSTHJN,Lostock Hall Jn
LSTH,Lostock Hall
PRSTRJN,Ribble Jn
FRNGTNC,Farington Curve Jn
CROT,Croston
RUFDORD,Rufford
BRSCGHJ,Burscough Junction
LEYLAND,Leyland
EUXT,Euxton Balshaw Lane
CHORBUK,Buckshaw Village
BUKSHAW,Buckshaw Village
CHORLEY,Chorley
BLRD,Blackrod
BLRDSB,Blackrod
HORWICH,Horwich Parkway
ADNL,Adlington (Lancashire)
LOSTCKP,Lostock
TODMRDN,Todmorden
RCHDALE,Rochdale
SMBG,Smithy Bridge
LITLBRO,Littleborough
WDEN,Walsden
CSTL,Castleton
MLSHILL,Mills Hill
VTRLWKS,Vitriol Works
MSTN,Moston
BREWRYS,Brewery Junction
MNCRVIC,Manchester Victoria
MNCRVHS,Manchester Victoria
MNCRDST,Deal Street Jn
MNCRDS3,Deal Street Jn
SLFDORD,Salford Central
SLFDCT,Salford Crescent
CLTN,Clifton
KEARSLY,Kearsley
FRNW,Farnworth
MSGT,Moses Gate
BOLTON,Bolton
BOLTNCS,Bolton
ECCLES,Eccles
PTRCRFT,Patricroft
MNCRPIC,Manchester Piccadilly
ARDWICK,Ardwick
ASHBRYS,Ashburys
ASHBREJ,Ashburys
ASHBRSB,Ashburys
GORTON,Gorton
FRFD,Fairfield
BLLVUE,Belle Vue
RYDRBRW,Ryder Brow
REDISHN,Reddish North
BRNGTN,Brinnington
BREDBRY,Bredbury
GFLD,Greenfield
MOSSLEY,Mossley (Grtr Manchester)
SBYD,Stalybridge
ASHONUL,Ashton-Under-Lyne
ASHTMNJ,Ashton Moss North Jn
GIDB,Guide Bridge
GIDBGEJ,Guide Bridge
GIDBGNJ,Guide Bridge
HYDEN,Hyde North
HYDEC,Hyde Central
WOODLEY,Woodley
FLWRYFD,Flowery Field
NWTH,Newton For Hyde
GODLY,Godley
HATRSLY,Hattersley
BRBM,Broadbottom
DNTG,Dinting
GLSP,Glossop
HADFILD,Hadfield
LVHM,Levenshulme
HTCP,Heaton Chapel
DNTON,Denton
REDISHS,Reddish South
BAGE,Burnage
EDIDBRY,East Didsbury
GATLEY,Gatley
MLDTHRD,Mauldeth Road
STYAL,Styal
HLDG,Heald Green
MNCRIAP,Manchester Airport
STKP,Stockport
HLDGWJ,Heald Green West Jn
DAVNPRT,Davenport
WMOR,Woodsmoor
HAZLGHJ,Hazel Grove H.L.Jn
HAZL,Hazel Grove
MDWD,Middlewood
DISLEY,Disley
NWMILSN,New Mills Newtown
FURNESV,Furness Vale
WHALYBG,Whaley Bridge
CHEF,Chapel-En-Le-Frith
DVHL,Dove Holes
ROHL,Rose Hill Marple
ROMILEY,Romiley
MARPLE,Marple
STRINES,Strines
NWMILSC,New Mills Central
NWMILSJ,New Mills South Jn
CHDH,Cheadle Hulme
HNDFRTH,Handforth
WLMSL,Wilmslow
MACLSFD,Macclesfield
PSBY,Prestbury
ADLC,Adlington (Cheshire)
POYNTON,Poynton
BMHL,Bramhall
ALDEDGE,Alderley Edge
CHELFD,Chelford
CHELFDL,Chelford Loop
MNCROXR,Manchester Oxford Road
MNCRDGT,Deansgate
TRFDPEJ,Trafford Park East Jn
TRFDPK,Trafford Park
HMPHRYP,Humphrey Park
URMSTON,Urmston
FLIXTON,Flixton
IRLAM,Irlam
CHASNRD,Chassen Road
WATSTJN,Water Street Jn
CHNLY,Chinley
CHNLYNJ,Chinley North Jn
EDALE,Edale
ERLESDG,Earles SDGS S.B.
HOPD,Hope (Derbyshire)
BAMFORD,Bamford
HATHRSG,Hathersage
GRNDLFD,Grindleford
BUXTON,Buxton
SOUTHPT,Southport
SOUT087,Southport
SOUTWSD,Southport Wall Sidings
SOUTCHS,Southport Wall Sidings
SOUT112,Southport Signal 112
MEOLSCP,Meols Cop
BESCRLA,Bescar Lane
NEWLANE,New Lane
BRSCGHB,Burscough Bridge
HOSCAR,Hoscar
PARBOLD,Parbold
APLYBDG,Appley Bridge
GATHRST,Gathurst
WIGANWL,Wigan Wallgate
WIGANSJ,Wigan Station Jn
INCE,Ince
HINDLEY,Hindley
WSTHOTN,Westhoughton
WIGANNW,Wigan North Western
WIGADPL,Wigan North Western
ATHERTN,Atherton
HAGFOLD,Hag Fold
DAISYH,Daisy Hill
WALKDEN,Walkden
MRSD,Moorside
SWNT,Swinton
SPRBJN,Springs Branch Jn
GOLBRNJ,Golborne Jn
PKSDJT,Parkside Jn
NWTNLW,Newton-Le-Willows
ERLSTWN,Earlestown
BRYN,Bryn
GARW,Garswood
STHLNSC,St Helens Central
WHISTON,Whiston
RHIL,Rainhill
LEGR,Lea Green
STHLNSJ,St Helens Junction
WINWCKJ,Winwick Jn
WRGTNBQ,Warrington Bank Quay
WRGTNHS,Warrington Bank Quay
RUNCRNE,Runcorn East
FRDSHM,Frodsham
ORMSKRK,Ormskirk
AGHTNPH,Aughton Park
TOWNGRN,Town Green
MAGHULL,Maghull
OLDROAN,Old Roan
AINTREE,Aintree
AINTSFJ,Aintree
ORELPKH,Orrell Park
WALTONM,Walton (Merseyside)
PBRT,Pemberton
ORRELL,Orrell
UPHOLND,Upholland
RNFD,Rainford
KKBY,Kirkby
FAZKRLY,Fazakerley
RICELA,Rice Lane
WALTONJ,Walton Jn
WALT207,Walton Jn
WALT208,Walton Jn
KRKDALE,Kirkdale
KRKDLCS,Kirkdale C.S.
BKDLSDG,Birkdale Sidings
BKDLE,Birkdale
HILLSID,Hillside
HILL102,Hillside
AINSDAL,Ainsdale
FRSHFLD,Freshfield
FORMBY,Formby
HITN,Hightown
HALLRD,Hall Road
BLNDLAC,Blundellsands & Crosby
WLOO,Waterloo (Merseyside)
SFRTHAL,Seaforth & Litherland
BOOTLNS,Bootle New Strand
BOOTLOR,Bootle Oriel Road
MRSHLAJ,Bootle Oriel Road
BNKHALL,Bank Hall
SANDH,Sandhills
SANDHRS,Sandhills Reversing Sdg
MORFNL,Moorfields
LVRPLCH,Liverpool Central
LVRPSIH,Liverpool Central
LVRPCRS,Liverpool Central Revs Sdg
BNWK,Brunswick
STMCHLS,St Michaels
AIGBURT,Aigburth
CRSNGTN,Cressington
LVRPSPY,Liverpool South Pw Ll
LVRPLSH,Liverpool Lime Street
LVRPLHS,Liverpool Lime Street
EDGH,Edge Hill
EDGHSB,Former Edge Hill SB
EDGHSB,Former Edge Hill SB
MSLH,Mossley Hill
WALERTN,West Allerton
ALERTN,L'Pool Sth Pw Hl (Allertn)
ALERTN4,Allerton Signal An4
RUNCORN,Runcorn
HALTONJ,Halton Jn
SUTW,Halton Jn
WVRTTEC,Wavertree Technology Park
BROADGR,Broad Green
ROBY,Roby
HUYTON,Huyton
PRESCOT,Prescot
ECPK,Eccleston Park
THHT,Thatto Heath
HUNTSX,Hunts Cross
HUNTSXS,Hunts Cross
HOUGHGR,Hough Green
HALW,Halewood
WIDNES,Widnes
SANKEY,Sankey For Penketh
WRGT,Warrington Central
PADGATE,Padgate
BIRCHWD,Birchwood
GLAZBRK,Glazebrook
GLAZBKE,Glazebrook East Jn & SDGS
ACBG,Acton Bridge
HARTFD,Hartford
WNSFD,Winsford
MLDSWTH,Mouldsworth
MLDSWTJ,Mouldsworth
DELAMER,Delamere
CUDNGTN,Cuddington
GBNK,Greenbank
NTHWICH,Northwich
LSTG,Lostock Gralam
PLUMLEY,Plumley
KNUTSFD,Knutsford
MOBERLY,Mobberley
ASHLEY,Ashley
HALE,Hale
ALTRNHM,Altrincham
NAVGTNR,Navigation Road
MDLW,Middlewich
WKIRBY,West Kirby
WKIRSD1,West Kirby
WKIRSD2,West Kirby Siding No 2
HOYLAKE,Hoylake
HOYLCHS,Hoylake
MNRD,Manor Road
MELS,Meols
MOTO,Moreton (Merseyside)
LEASOWE,Leasowe
NBTN,New Brighton
NBTNSD1,New Brighton
NBTNSD2,New Brighton
NBTNWSG,New Brighton
NBTN606,New Brighton Signal 606
BDSTON,Bidston
WALASYV,Wallasey Village
WALAGRD,Wallasey Grove Road
UPTON,Upton
HESWALL,Heswall
NESTON,Neston
BRKNHDN,Birkenhead North
BRKN570,Birkenhead North
BRKNHDP,Birkenhead Park
BRKNEWR,Birkenhead North E.M.U.D
BRKNUDS,Birkenhead North E.M.U.D
BRKNMUD,Birkenhead North E.M.U.D
BRKNCPK,Conway Park
MORFLDS,Moorfields
LVRPLSL,Liverpool Lime Street Ll
LVRPLCL,Liverpool Central
JAMESST,James Street
JAME537,James Street
JAME504,James Street
JAMESDG,James Street
HAMTSQ,Hamilton Square
BRKNHDC,Birkenhead Central
BRKN718,Birkenhead Central
ROCKFRY,Rock Ferry
ROCK735,Rock Ferry
ROCKUDG,Rock Ferry
GNLN,Green Lane
ROCK722,Rock Ferry Signal 722
BEBNGTN,Bebington
PSLT,Port Sunlight
SPITAL,Spital
BRMBRK,Bromborough Rake
BRMB,Bromborough
ESTHRAK,Eastham Rake
HOOTON,Hooton
CPNHRST,Capenhurst
BACHE,Bache
LTLSUTN,Little Sutton
OPOL,Overpool
ELSMPRT,Ellesmere Port
STNLWAT,Stanlow & Thornton
INEL,Ince & Elton
HELSBY,Helsby
SHOTTON,Shotton
CHSTRSJ,Chester South Jn.
CHST,Chester
CHSTRMY,Chester
CHSTRDT,Chester
CHSTYD,Chester
MIKLTRF,Mickle Trafford
GOOSTRY,Goostrey
HCHP,Holmes Chapel
SBCH,Sandbach
CREWUML,Crewe Up Manchester Loop
CREWECY,Crewe Coal Yard
CREWE,Crewe
CREWUDL,Crewe
CREWSJN,Crewe North Staffs Jn
CREWOCG,Crewe North Staffs Jn
CREWPLP,Crewe Up & Dn Pottery Loop
CREWEGL,Crewe Gresty Lane
BTHLYJN,Barthomley Jn
CONGLTN,Congleton
MADELEY,Madeley (Staffs)
NTNB,Norton Bridge
ALSAGER,Alsager
ALSAEJN,Alsager
KIDSGRV,Kidsgrove
LNGP,Longport
STOKEOT,Stoke-On-Trent
STONE,Stone
STAFFRD,Stafford
RUGL,Rugeley Trent Valley
BESJOHN,Bedford St Johns
KMPSTNH,Kempston Hardwick
STWRTBY,Stewartby
MLBRKB,Millbrook (Bedfordshire)
LDLNGTN,Lidlington
RIDGMNT,Ridgmont
ASPLEYG,Aspley Guise
WOBURNS,Woburn Sands
BOWBRKH,Bow Brickhill
FSTR,Fenny Stratford
LCHTTVL,Lichfield Trent Valley
TMWTHLL,Tamworth Low Level
PWTH,Polesworth
ATHRSTN,Atherstone
NNTN,Nuneaton
BRINKLW,Brinklow
BERMPRK,Bermuda Park
BEDWRTH,Bedworth
RUGBLLJ,Long Lawford Junction Rugby
RUGBY,Rugby
LNGBKBY,Long Buckby
NMPTN,Northampton
NMPTBAY,Northampton
HANSLPJ,Hanslope Jn
WLVR,Wolverton
MKNSCEN,Milton Keynes Central
BLTCHLY,Bletchley
CYDNJN,Claydon L.N.E. Jn.
CHDNGTN,Cheddington
LEDBRNJ,Ledburn Jn
LTNBZRD,Leighton Buzzard
TRING,Tring
BERKHMD,Berkhamsted
HEMLHMP,Hemel Hempstead
KLGL,Kings Langley
APSLEY,Apsley
STALBNA,St Albans Abbey
PKST,Park Street
HOWWOOD,How Wood
BCWD,Bricket Wood
GRSTH,Garston (Hertfordshire)
WATFDN,Watford North
WATFDJ,Watford Junction
WATFJDC,Watford Junction Dc
BUSHYDC,Bushey Dc
WATFDHS,Watford High Street
BUSHEY,Bushey
CRPNDPK,Carpenders Park
HTCHEND,Hatch End
HEDSTNL,Headstone Lane
HROW,Harrow & Wealdstone
KTON,Kenton
SKENTON,South Kenton
NWEMBLY,North Wembley
NWEMJN,North Wembley Jn
HROWDC,Harrow & Wealdstone D.C.
WMBYDC,Wembley Central Dc
WMBY,Wembley Central
WMBYEFT,DB Cargo Fan A & B Sidings
STNBGPK,Stonebridge Park
HARLSDN,Harlesden
MTRBDGJ,Mitre Bridge Jn
WLSDWLJ,Willesden West Londn Jn
WLSDTMD,Willesden T.M.D
KENSLG,Kensal Green
WLSDLLB,Willesden Jn Low Level
WLSDNJL,Willesden Jn Low Level
WLSDLDC,Willesden Jn Ll Dn Emu C-O
WLSDLUC,Willesden Jn Ll Up Emu C-O
QPRKAC,Queens Park (Ac)
QPRK,Queens Park (Dc)
KLBRNHR,Kilburn High Road
SHMPSTD,South Hampstead
CMDNJN,Camden Jn
CMDNSTH,Camden South Jn
CMDN801,Camden Jn Sig Wm801
EUSTON,London Euston
THURSO,Thurso
WICK,Wick
GRGMASJ,Georgemas Junction
GRGMYLC,Georgemas Junction
SCSCLDR,Scotscalder
ALTNBRC,Altnabreac
FORSNRD,Forsinard
FORSNLC,Forsinard
KINBRAC,Kinbrace
KILDONN,Kildonan
HELMSDL,Helmsdale
BRORA,Brora
BRORALC,Brora
BRORDLC,Brora
DNROBIN,Dunrobin Castle
GOLSPIE,Golspie
GOLSKLC,Golspie
ROGART,Rogart
LAIRG,Lairg
LAIRGLC,Lairg
INVRSHN,Invershin
CULRAIN,Culrain
ARDGAY,Ardgay
TAIN,Tain
FEARN,Fearn
IVRGRD,Invergordon
IVRGRCE,Invergordon
ALNESS,Alness
EVNTNIB,Evanton
EVANTON,Evanton
FDRTYIB,Fodderty I.B.
KYLELSH,Kyle Of Lochalsh
KYLELCE,Kyle Of Lochalsh
DUIRNSH,Duirinish
PLOCKTN,Plockton
DUNCRAG,Duncraig
STRMFRY,Stromeferry
ATADALE,Attadale
STCN,Strathcarron
STCNLC,Strathcarron
ACHHSHL,Achnashellach
ACHHBLC,Achnashellach
ACHNSHN,Achnasheen
ACHANLT,Achanalt
LCHLCHR,Lochluichart
GARVE,Garve
GARVELC,Garve
BEAULY,Beauly
DINGWAL,Dingwall
DING1LC,Dingwall
DINGMLC,Dingwall
DING2LC,Dingwall
CLUNSIB,Clunes I.B.
MUROORD,Muir Of Ord
IVRNESS,Inverness
IVRNALC,Inverness
IVRNBLC,Inverness
IVRNMRT,Inverness
CONONBR,Conon Bridge
WSBG,Welshs Bridge
WSBG,Welshs Bridge
NAIRN,Nairn
FORRES,Forres
FORRESL,Forres Loop
CULDNMR,Culloden
MOYY,Moy
TOMATIN,Tomatin
SLOCHD,Slochd
CARRBDG,Carrbridge
AVIEMRE,Aviemore
KNCRAIG,Kincraig
KGUSSIE,Kingussie
NWTM,Newtonmore
DALWHIN,Dalwhinnie
ELGINSB,Elgin SB
ELGIN,Elgin
KEITHLP,Keith Loop
KEITH,Keith
HNTL,Huntly
KNMTSB,Kennethmont
INSCH,Insch
INVURIE,Inverurie
DYCE,Dyce
ABRDEEN,Aberdeen
PLTH,Portlethen
SHVN,Stonehaven
LRNCKRK,Laurencekirk
MONTRSE,Montrose
MONTDTS,Montrose
USAN,Usan
ARBROTH,Arbroath
CNST,Carnoustie
GOLFSTR,Golf Street
BRRYLNK,Barry Links
MONIFTH,Monifieth
BALMOSS,Balmossie
BRFRY,Broughty Ferry
DUNDCJ,Dundee Central Jn
DUNDCJC,Dundee Central Jn
DUNDETB,Dundee
INVGWRE,Invergowrie
BLARATH,Blair Atholl
PTLCHRY,Pitlochry
DUNKELD,Dunkeld & Birnam
PERTH,Perth
PERTHHS,Perth
PERTH3P,Perth
HILTONJ,Hilton Jn
GLNEGLS,Gleneagles
DUNANE,Dunblane
DUNADPL,Dunblane
DUNANCE,Dunblane
BGOALAN,Bridge Of Allan
LEUCHRS,Leuchars
CUPAR,Cupar
SPFD,Springfield
LADY668,Ladybank Sig 668
LADYBHL,Ladybank Branch Loop
LADYBNK,Ladybank
MKIN,Markinch
THRNTSJ,Thornton South Jn
GLNR558,Thornton South Jn
GLNR556,Thornton South Jn
THRNUPL,Thornton North U.P.L.
GLNRTHS,Glenrothes With Thornton
CDND,Cardenden
LCHGLLY,Lochgelly
CWDNBTH,Cowdenbeath
KCLD,Kirkcaldy
KGHN,Kinghorn
BISLND,Burntisland
BISLNDJ,Burntisland
ABDO,Aberdour
DALGETY,Dalgety Bay
DNFRMQM,Dunfermline Queen Margaret
DNFRMLE,Dunfermline Town
ROSYTH,Rosyth
IVRKTHG,Inverkeithing
IVRKUPL,Inverkeithing U.P.L.
NQNSFRY,North Queensferry
ALLOA,Alloa
CMUSLP,Cambus Loop
STIRLNG,Stirling
BTHGATE,Bathgate
LVNSTNN,Livingston North
UPHALL,Uphall
NWBG,Newbridge Jn
EDINPRK,Edinburgh Park
FAULDHS,Fauldhouse
BREICH,Breich
ADIEWEL,Addiewell
WCALDER,West Calder
LVNSTNS,Livingston South
SLATEFD,Slateford
KRKNWTN,Kirknewton
CURRIEH,Curriehill
WHAILES,Wester Hailes
KNGW,Kingsknowe
DLMY,Dalmeny
DLMYJN,Dalmeny Jn
DLMYUPL,Dalmeny U.P.L.
DLMYDPL,Dalmeny D.P.L.
STHGYLE,South Gyle
HAYMRWJ,Haymarket West Jn
HAYMRCJ,Haymarket Central Jn
HAYMRKT,Haymarket
PRNCSTG,Princes St Gardens
EDINBUR,Edinburgh
EDINGWY,Edinburgh Gateway
ABHLJN,Abbeyhill Jn
BRUSTAN,Brunstane
PORTOBL,Portobello Jn (Lothian)
ESKBANK,Eskbank
GOREBRG,Gorebridge
NWTGRNG,Newtongrange
SHWFAIR,Shawfair
STOW,Stow
TWDBANK,Tweedbank
GALASLS,Galashiels
NCRAGHA,Newcraighall
MSELBGH,Musselburgh
WALLYFD,Wallyford
PPAN,Prestonpans
PPANUPL,Prestonpans U.P.L.
LNGNDRY,Longniddry
DREMJ,Drem
NBERWCK,North Berwick
DUNBAR,Dunbar
GTHS,Grantshouse
GTHSDPL,Grantshouse
GTHSUPL,Grantshouse
LARBERT,Larbert
LARBERN,Larbert
LARBRTY,Larbert
LARBERJ,Larbert Jn
CRMRSWJ,Carmuirs West Jn
CRMRSEJ,Carmuirs East Jn
GNHL427,Greenhill Lower Jn
GNHLLJN,Greenhill Lower Jn
GNHLUJN,Greenhill Upper Jn
CAMELON,Camelon
FALKRKG,Falkirk Grahamston
FALKRKH,Falkirk High
POLMONT,Polmont
LNLTHGW,Linlithgow
WNCBROJ,Winchburgh Jn
MLAIG,Mallaig
MORAR,Morar
ARISAIG,Arisaig
BEASDAL,Beasdale
LCHALRT,Lochailort
GLNFNNN,Glenfinnan
LCHESDE,Locheilside
CORPACH,Corpach
BANAVIE,Banavie
LCEILOB,Loch Eil Outward Bound
FRTWLM,Fort William
SPEANBD,Spean Bridge
ROYBDGE,Roy Bridge
TULLOCH,Tulloch
CORROUR,Corrour
RANNOCH,Rannoch
BOORCHY,Bridge Of Orchy
TYNDRMU,Upper Tyndrum
OBAN,Oban
CONNELF,Connel Ferry
TAYNULT,Taynuilt
FLSCRHN,Falls Of Cruachan
LOCHAWE,Loch Awe
DLMALLY,Dalmally
TYNDRML,Tyndrum Lower
CRNLRCH,Crianlarich
ARDLUI,Ardlui
ARCHRAT,Arrochar & Tarbet
GLDL,Glen Douglas
GRLCHHD,Garelochhead
HLNSBRU,Helensburgh Upper
HLNSBRC,Helensburgh Central
CRGDRN,Craigendoran
CRGDRNJ,Craigendoran Jn
CDRS,Cardross
CRGDWHL,Craigendoran Whl
BALLOCH,Balloch
ALXANDR,Alexandria
RENTON,Renton
DLREOCH,Dalreoch
DLRE665,Dalreoch
DMBRTNC,Dumbarton Central
DMBRTNE,Dumbarton East
BOWLING,Bowling
KLPTRCK,Kilpatrick
DALMUIR,Dalmuir
SINGER,Singer
DRUMRY,Drumry
DRMCHPL,Drumchapel
WESTRTN,Westerton
WEST530,Westerton
ANSL,Anniesland
ANSL3,Anniesland
DAWSHLM,Kelvindale
MRYHILL,Maryhill
SUMRSTN,Summerston
LAMBH,Gilshochill
POSILPK,Possilpark & Parkhouse
ASFIELD,Ashfield
MLGV,Milngavie
HLFT,Hillfoot
BSDN,Bearsden
CLYBANK,Clydebank
YOKER,Yoker
YOKERCS,Yoker C.S.
GSCD,Garscadden
SCTSTNH,Scotstounhill
JORDANH,Jordanhill
HYNDLND,Hyndland
PTCK,Partick
CHRNGXG,Glasgow Charing Cross
GLGQLL,Glasgow Queen Street Ll
GLGQHL,Glasgow Queen Street
CWLRSSJ,Cowlairs South Jn
CWLRSWJ,Cowlairs West Jn
CWLRSGL,Cowlairs West Jn
CWLRC79,Cowlairs West Jn
CWLRSPL,Cowlairs West Jn
CWLRSEJ,Cowlairs East Jn
BSHB,Bishopbriggs
CDDRDPL,Cadder Down Passenger Loop
LENZIE,Lenzie
CROY,Croy
GRTCSH,Gartcosh
STEPPS,Stepps
SPRNGBN,Springburn
BNHL,Barnhill
ALXPD,Alexandra Parade
DUKEST,Duke Street
GLGHST,High Street
GLGH141,High Street
GLGH140,High Street
GLGH795,High Street
BLGRVE,Bellgrove
CNTY,Carntyne
SHTLSTN,Shettleston
GARROWH,Garrowhill
ESHS,Easterhouse
BLAIRHL,Blairhill
WEMYSSB,Wemyss Bay
IBMM,I.B.M.
INVERKP,Inverkip
BRNCHTN,Branchton
WHINH,Whinhill
DUNROD,Dunrod
DRMFCHR,Drumfrochar
GOUROCK,Gourock Station
GOURSTN,Gourock Station
FRTMTLD,Fort Matilda
GRENCKW,Greenock West
GRENCKC,Greenock Central
CRTSDYK,Cartsdyke
BOGSTON,Bogston
LCHWNCH,Lochwinnoch
HOWOOD,Howwood
MILKNPK,Milliken Park
JOHNSTN,Johnstone
PSLYCAN,Paisley Canal
HWKHEAD,Hawkhead
CROKSTN,Crookston
CROKSNL,Crookston
MSSPARK,Mosspark
CKHL,Corkerhill
DUMBRCK,Dumbreck
PTGLSGW,Port Glasgow
WHHL,Woodhall
LGBK,Langbank
BISHPTN,Bishopton
PSLYSTJ,Paisley St James
PSLYGST,Paisley Gilmour Street
ARKLSTJ,Arkleston Jn
HLNGTNW,Hillington West
HLNGTNE,Hillington East
CDNL,Cardonald
SHLDJN,Shields Jn
SHLDJTS,Shields Jn
SHLDNO1,Shields Jn No 1 Line
SHLDSMD,Shields T.M.D. (E)
LUGTON,Lugton
BRHD,Barrhead
NITSH,Nitshill
PHLD,Priesthill & Darnley
KENISHD,Kennishead
PLKSHWW,Pollokshaws West
CRSMYLF,Crossmyloof
EKILBRD,East Kilbride
GIFNOCK,Giffnock
KGPK,Kings Park
MTFL,Mount Florida
NEILSTN,Neilston
CCRT,Cathcart
EGLNSTJ,Eglinton St Jn
ANDRSTN,Anderston
GLGCLL,Glasgow Central Ll
GLGC,Glasgow Central
GLGC227,Glasgow Central
ARGYLST,Argyle Street
LRKFLDJ,Larkfield Jn
BRIDGTN,Bridgeton
DLMRNOK,Dalmarnock
EXHIBTC,Exhibition Centre
RTHGNEJ,Rutherglen East Jn
PLMDCL,Polmadie Clydesdale Loop
RTHGLEN,Rutherglen
PLMD781,Polmadie Signal G781
CARMYLE,Carmyle
MNTVRNN,Mount Vernon
BALISTN,Baillieston
BRGDDIE,Bargeddie
KRKWOOD,Kirkwood
CMBRNLD,Cumbernauld
GRNFLDS,Greenfaulds
GRNQNNJ,Garnqueen North Jn
COATBDC,Coatbridge Central
DRMGLCH,Drumgelloch
ARMDALE,Armadale Stn
AIRDCS,Airdrie C.S.
AIRDRIE,Airdrie
BLKRDGE,Blackridge Stn
COATDYK,Coatdyke
COATBDS,Coatbridge Sunnyside
CLDRCRX,Caldercruix Stn
WHIFLET,Whifflet
MOSENDS,Mossend South Jn
HOLYTWN,Holytown
CMBSLNG,Cambuslang
NWTLWJ,Newton West Jn
NWTL,Newton
UDNGSTN,Uddingston
UDNGTNJ,Uddingston Jn
BLSHL,Bellshill
CLELAND,Cleland
CARFIN,Carfin
SHTT,Shotts
HRTW,Hartwood
BRDHSTU,Braidhurst
BRDHRST,Braidhurst
MOTHRWL,Motherwell
AIRBLES,Airbles
HAMLTNC,Hamilton Central
HAMLTNW,Hamilton West
BLANTYR,Blantyre
CHTLRT,Chatelherault
MRRYTNL,Allanton Loop
MRRYTON,Merryton
LARKHAL,Larkhall
MOTHUGL,Dalzell U.G.L.
MOTH444,Dalzell U.G.L.
KRKH,Kirkhill
BRSDE,Burnside
CFFT,Croftfoot
PATERTN,Patterton
WTCR,Whitecraigs
WMWD,Williamwood
MUIREND,Muirend
CROSSHL,Crosshill
QUNPARK,Queens Park
PLKLHDE,Pollokshields East
CCRTWJN,Cathcart West Jn
LNSD,Langside
PLKSHWE,Pollokshaws East
SHWLNDS,Shawlands
MAXWLPK,Maxwell Park
PLKLHDW,Pollokshields West
HARMYRL,Hairmyres Loop
HARMYRS,Hairmyres
THAL,Thorntonhall
BUSBY,Busby
CLRKSTN,Clarkston
THLB,Thornliebank
SHILDMR,Shieldmuir
SHILDGF,Shieldmuir
SHIL483,Shieldmuir
WISHAW,Wishaw
LAWJDPL,Law Jn Down Passenger Loop
CRLK,Carluke
LANARKJ,Lanark Jn
LANARK,Lanark
CRSTRS,Carstairs
CRSTRSS,Carstairs South Jn
ABINGTN,Abington
BEATCKS,Beattock Summit
BEATCK,Beattock
LCKRBIE,Lockerbie
GLGN,Glengarnock
DALRY,Dalry
KILWNNG,Kilwinning
STVNSTN,Stevenston
STVNSES,Stevenston
SLCT,Saltcoats
ARDRSSB,Ardrossan South Beach
WKILBRD,West Kilbride
ARDRSTN,Ardrossan Town
ARDRSHB,Ardrossan Harbour
FAIRLIE,Fairlie
LARGS,Largs
IRVN,Irvine
BARASIE,Barassie
TROON,Troon
PWCKAPT,Prestwick Int. Airport
PWCK,Prestwick Town
NWTOA,Newton-On-Ayr
AYRR,Ayr
MAYBOLE,Maybole
KKERRAN,Kilkerran
BRRHL,Barrhill
GIRVAN,Girvan
DNRAGIT,Dunragit
GLNWHLY,Glenwhilly
STRNRR,Stranraer
<Null>,Stranraer
DNLP,Dunlop
STEWRTN,Stewarton
KLMAURS,Kilmaurs
KILMRNK,Kilmarnock
ACHILCK,Auchinleck
NWCMNCK,New Cumnock
KRKC,Kirkconnel
SANQHAR,Sanquhar
DUMFRES,Dumfries
ANNAN,Annan
PERSHOR,Pershore
EVESHAM,Evesham
HONYBRN,Honeybourne
MINMARS,Moreton-In-Marsh
LNGMSTN,Long Marston
ASHCHRC,Ashchurch For Tewkesbury
CHLTNHM,Cheltenham Spa
GLOSTER,Gloucester
HARSLP,Haresfield Loop
DURSLEY,Cam & Dursley
STNHSE,Stonehouse
STRUD,Stroud
PADTON,London Paddington
LINKLIN,London Paddington
LDBRKJ,Ladbroke Grove
ACTONML,Acton Main Line
ACTONW,Acton West
EALINGB,Ealing Broadway
WEALING,West Ealing
HANWELL,Hanwell
DRAYGRN,Drayton Green
CBARPAR,Castle Bar Park
SGFORD,South Greenford
GFORD,Greenford
STHALL,Southall
HAYESAH,Hayes & Harlington
HTRWAJN,Heathrow Airport Jn
WDRYTON,West Drayton
IVER,Iver
LANGLEY,Langley
DOLPHNJ,Dolphin Jn
SLOUGH,Slough
WINDSEC,Windsor & Eton Central
BNHAM,Burnham
TAPLOW,Taplow
MDNHDRS,Maidenhead Reversing Sdgs
MDNHEAD,Maidenhead
FURZEP,Furze Platt
COOKHAM,Cookham
BORNEND,Bourne End
MARLOW,Marlow
TWYFORD,Twyford
SHPLAKE,Shiplake
WARGRAV,Wargrave
HNLYOT,Henley-On-Thames
RDNGSTN,Reading
REDGWST,Reading West
RDNG691,Reading Sig Tr1691
RDNG726,Reading Sig T1726
RDNG728,Reading Sig T1728
TILHRST,Tilehurst
PANGBRN,Pangbourne
GORASTR,Goring & Streatley
CHOLSEY,Cholsey
DIDCOTP,Didcot Parkway
FOXHALJ,Foxhall Jn
DIDCWE,Didcot West End
DIDCTEJ,Didcot East Jn
MILTJN,Milton Junction
APPLEFD,Appleford
APPLEFX,Appleford
CULHAM,Culham
RDLEY,Radley
OXFD,Oxford
OXFDCSD,Oxford Down Carriage Sdg
HANDBRO,Hanborough
COMBE,Combe
FINSTCK,Finstock
CHBURY,Charlbury
OXFDUDP,Oxford Up And Down Passenger
ASCTUWD,Ascott-Under-Wychwood
SPTN,Shipton
KINGHAM,Kingham
TACKLEY,Tackley
HEYFORD,Heyford
THEALE,Theale
ALDMSTN,Aldermaston
TWNYDPL,Towney Loop
MIDGHAM,Midgham
THATCHM,Thatcham
NEWBRYR,Newbury Racecourse
NEWBURY,Newbury
KNTBRY,Kintbury
KNTB848,Kintbury
KNTB103,Kintbury
KNTB57,Kintbury
HUNGRFD,Hungerford
HUNGDGL,Hungerford
BEDYN,Bedwyn
PEWSEY,Pewsey
SDON,Swindon
KEMBLE,Kemble
SDON212,Swindon Sig Sw1212
CHIPNHM,Chippenham
MELKSHM,Melksham
BRDFDJN,Bradford Jn
YATE,Yate
BRSTPWY,Bristol Parkway
PATCHWY,Patchway
SVRNBCH,Severn Beach
SADWRD,St Andrews Road
AVONMTH,Avonmouth
AVONDKJ,Avonmouth
SHAMPTN,Shirehampton
SEMILLS,Sea Mills
CLFDOWN,Clifton Down
REDLAND,Redland
MONPELR,Montpelier
FILTNEW,Filton Abbey Wood
STPLTNR,Stapleton Road
LAWRNCH,Lawrence Hill
BATHSPA,Bath Spa
OLDFLDP,Oldfield Park
KEYNSHM,Keynsham
NSMRSTJ,North Somerset Jn
BRSTLTM,Bristol Temple Meads
BRSTMHL,Bristol Temple Meads
BRSTOUT,Bristol Temple Meads
BRSTPL2,Bristol Temple Meads
BDMNSTR,Bedminster
PARSNST,Parson Street
NAILSEA,Nailsea & Backwell
YATTONL,Yatton Loop
YATTON,Yatton
WORLE,Worle
WMILTON,Weston Milton
WSMARE,Weston-Super-Mare
HGHBRDG,Highbridge & Burnham
BRDGWTR,Bridgwater
FRESHFD,Freshford
AVNCLFF,Avoncliff
BRDFDOA,Bradford-On-Avon
TRWBRDG,Trowbridge
HWKRJN,Hawkeridge Jn
HWRDJN,Heywood Road Jn
WSTBRYW,Westbury
DILTONM,Dilton Marsh
WRMNSTR,Warminster
FROME,Frome
FROMNSB,Frome North
BRUTON,Bruton
CCARY,Castle Cary
TAUNTON,Taunton
TAUNE22,Taunton
TAUN611,Taunton
TAUN624,Taunton
TAUN617,Taunton
TIVIPW,Tiverton Parkway
BRNSTPL,Barnstaple
CHAPLTN,Chapelton
UMBRLGH,Umberleigh
PRTSMTA,Portsmouth Arms
KNYMPTN,Kings Nympton
EGGESFD,Eggesford
LAPFORD,Lapford
MOCHARD,Morchard Road
COPLSTN,Copplestone
OKHMPTN,Okehampton
SAMPCRT,Sampford Courtenay
YEOFORD,Yeoford
CREDITN,Crediton
NSTCYRE,Newton St Cyres
EXETRSD,Exeter St Davids
EXETERC,Exeter Central
STJAMSP,St James' Park
POLSBDG,Polsloe Bridge
DIGBY,Digby & Sowton
PINHOE,Pinhoe
CBRK,Cranbrook
TOPSHAM,Topsham
EXTON,Exton
LYMPSTC,Lympstone Commando
LYMPSTN,Lympstone Village
EXMOUTH,Exmouth
NWCOURT,Newcourt
EXETRST,Exeter St Thomas
STRCROS,Starcross
DAWLSHW,Dawlish Warren
DAWLISH,Dawlish
TEINMTH,Teignmouth
NABT,Newton Abbot
NABTWJ,Newton Abbot West Junction
TORRE,Torre
TORQUAY,Torquay
PAIGNTN,Paignton
TOTNES,Totnes
AISHXO,Aish Emergency Crossover
IVYBDGE,Ivybridge
PLYMTH,Plymouth
DEVNPRT,Devonport
DOCKYDP,Dockyard
KEYHAM,Keyham
STBDXVR,St Budeaux Victoria Road
BEREFRS,Bere Ferrers
BEREALS,Bere Alston
GUNISLK,Gunnislake
CALSTCK,Calstock
STBDXJN,St Budeaux Jn.
STBDXFR,St Budeaux Ferry Road
SASH,Saltash
STGRMNS,St Germans
MENHENT,Menheniot
LISKARD,Liskeard
COOMBE,Coombe
STKEYNE,St Keyne
CAUSLND,Causeland
SDPLACE,Sandplace
COOMJGF,Coombe No. 1 G.F.
LOOE,Looe
BODMNPW,Bodmin Parkway
LSTWTHL,Lostwithiel
PARR,Par
STBLAZY,St Blazey Signal Box
LUXULYN,Luxulyan
GNBARWJ,Goonbarrow Jn
BUGLE,Bugle
RCHE,Roche
STCLMBR,St Columb Road
QNTRLDW,Quintrell Downs
NEWQUAY,Newquay
STAUSTL,St Austell
TRURO,Truro
PERANWL,Perranwell
PRYN,Penryn
PENMERE,Penmere
FALMTHT,Falmouth Town
FALMTHD,Falmouth Docks
REDRUTH,Redruth
CBORNE,Camborne
HAYLE,Hayle
STIVES,St Ives
CARBISB,Carbis Bay
LELANT,Lelant
LELANTS,Lelant Saltings
STERTH,St Erth
PENZNCE,Penzance
HAWDNBG,Hawarden Bridge
HLYH,Holyhead
VALLEY,Valley
RHOSNGR,Rhosneigr
TYCROES,Ty Croes
BODORGN,Bodorgan
LFPW,Llanfairpwll
BANGOR,Bangor (Gwynedd)
LANFRFC,Llanfairfechan
PNMNMWR,Penmaenmawr
CONWY,Conwy
LUDO,Llandudno
DEGANWY,Deganwy
LANDUDJ,Llandudno Junction
GLNCNWY,Glan Conwy
TALYCFN,Tal-Y-Cafn
DOLGARG,Dolgarrog
LNRWST,Llanrwst
NLANRST,North Llanrwst
BETSYCD,Betws-Y-Coed
PNYPANT,Pont-Y-Pant
DLWYDLN,Dolwyddelan
ROMANBG,Roman Bridge
BLAENAU,Blaenau Ffestiniog
CBAY,Colwyn Bay
ABGLELE,Abergele & Pensarn
RHYL,Rhyl
PSTA,Prestatyn
FLINT,Flint
SHOTTHL,Shotton High Level
HAWARDN,Hawarden
BCKY,Buckley
PNYF,Penyffordd
HOPC,Hope (Flintshire)
CAERGWL,Caergwrle
CEFNYBD,Cefn-Y-Bedd
GWRSYLT,Gwersyllt
WREXHMC,Wrexham Central
WREXHMG,Wrexham General
RUABON,Ruabon
CHIRK,Chirk
NANTWCH,Nantwich
WRENBRY,Wrenbury
WCHR,Whitchurch (Salop)
PREES,Prees
WEMM,Wem
YORTON,Yorton
GOBOWEN,Gobowen
SHRWBY,Shrewsbury
SHRWBAF,Shrewsbury Abbey Foregate
SHRWEBJ,English Bridge Junction
SHRWSBJ,Sutton Bridge Jn
CSTR,Church Stretton
WELSHPL,Welshpool
NWTP,Newtown (Powys)
CARSWS,Caersws
TALRDIG,Talerddig
MCHYNLT,Machynlleth
DOVYDPL,Dovey Jn Down Loop
DOVYJN,Dovey Junction
TONFNAU,Tonfanau
MFAM,Morfa Mawddach
PENHELG,Penhelig
ABDVY,Aberdovey
TYWYN,Tywyn
LYNGRIL,Llwyngwril
FRBN,Fairbourne
BRMOUTH,Barmouth
LNAB,Llanaber
TALB,Talybont
DYFRYNA,Dyffryn Ardudwy
LBDR,Llanbedr
PSRN,Pensarn
LNDW,Llandanwg
HRLC,Harlech
TYGWYN,Tygwyn
TLSRNAU,Talsarnau
LNDC,Llandecwyn
PRHN,Penrhyndeudraeth
MINFORD,Minffordd
MINFFR,Minffordd
PRTHMDG,Porthmadog
CRICCTH,Criccieth
PENYCHN,Penychain
ABRE,Abererch
PWLHELI,Pwllheli
BORTH,Borth
ABRYSTH,Aberystwyth
LYDNEY,Lydney
CDCOT,Caldicot
CDCOCGF,Caldicot
CHEPSTW,Chepstow
CHEPEGF,Chepstow
SEVTNLJ,Severn Tunnel Jn
SEVT730,Severn Tunnel Sig Nt1730
EUSKJN,East Usk Jn.
EUSKJNY,East Usk Jn. N. Y.
CWMBRAN,Cwmbran
PONTYPL,Pontypool And New Inn
ABRGVNY,Abergavenny
HEREFRD,Hereford
SHIP,Shelwick Jn
LEOMNST,Leominster
LEOMSB,Leominster
LUDLOW,Ludlow
CRAVENA,Craven Arms
MAINDNJ,Maindee North Jn
NWPTRTG,Newport (South Wales)
PYECRNR,Pye Corner
ROGRSTN,Rogerston
RISCA,Risca & Pontyminster
CRSKEYS,Crosskeys
NBRWGE,Newbridge
LLHLETH,Llanhilleth
EBWVPWY,Ebbw Vale Parkway
EBWVTN,Ebbw Vale Town
MSHFILD,Marshfield
CRDFCEN,Cardiff Central
NINIANP,Ninian Park
CANTNCS,Cardiff Canton Sidings
MISKIN,Miskin
PONYCLN,Pontyclun
LLHARAN,Llanharan
CRDFRBJ,Cardiff Radyr Branch Jn
GNTN,Grangetown
COGANJ,Cogan Jn
DGLROAD,Dingle Road
COGAN,Cogan
EASTBRK,Eastbrook
PENARTH,Penarth
DINASP,Dinas Powys
CADOXTN,Cadoxton
BARRYDK,Barry Docks
BARRY,Barry
BARRYIS,Barry Island
RHOOSE,Rhoose Cardiff Int Airport
LLNWTMR,Llantwit Major
KIDWELY,Kidwelly
PMBRYBP,Pembrey & Burry Port
LLNLLI,Llanelli
BYNEA,Bynea
LLGNNCH,Llangennech
PNTADLS,Pontarddulais
PNTYFYN,Pantyffynnon
AMMANFD,Ammanford
LLDVNLC,Llandovery Nskt Sig
LLDYBIE,Llandybie
FFAIRFC,Ffairfach
LLDEILO,Llandeilo
LLGADOG,Llangadog
LLWRDA,Llanwrda
LLDVERY,Llandovery
CYNGHRD,Cynghordy
SGRLOAF,Sugar Loaf
BUILTHR,Builth Road
LLDODW,Llandrindod
LLWRTYW,Llanwrtyd
LLGMMRW,Llangammarch
GARTH,Garth (Powys)
CILMERY,Cilmeri
KNIGHTN,Knighton
LLDODGF,Llandrindod Crossing
PYBONT,Pen-Y-Bont
DOLAU,Dolau
LLBSTRD,Llanbister Road
LLGUNLO,Llangynllo
KNUCKLS,Knucklas
BKNELL,Bucknell
HOPTONH,Hopton Heath
BROOME,Broome
SWANSEA,Swansea
SWANSLW,Swansea Loop West
LLNSMLT,Llansamlet
GOWERTN,Gowerton
LNDOREJ,Landore Junction
SKEWEN,Skewen
NEATH,Neath
BRITFRY,Briton Ferry
BGLAN,Baglan
PTALBOT,Port Talbot Parkway
MRGMEJ,Margam East Junction
MGMS127,Margam East Junction
MRGMMJN,Margam Moors Jn.
PYLE,Pyle
STORDGL,Stormy Down Goods Loop
STORMY,Stormy
STORUGL,Stormy Up Goods Loop
BRGEND,Bridgend
TREMANS,Tremains
PENCOED,Pencoed
PENCUPL,Pencoed Up Passenger Loop
WLDMILL,Wildmill
SARN,Sarn
TONDU,Tondu
TONDLFL,Tondu Llynfi Gds Loop
GRTHMG,Garth (Mid Glamorgan)
MAESTER,Maesteg (Ewenny Road)
MAESTGF,Maesteg (Ewenny Road)
MAESTGW,Maesteg
FGDHBR,Fishguard Harbour
FGDHGWK,Fishguard & Goodwick
MLFDHVN,Milford Haven
JHNSTND,Johnston
HAVRFDW,Haverfordwest
CLARBRD,Clarbeston Road
PEMBRKD,Pembroke Dock
PEMBROK,Pembroke
LAMPHEY,Lamphey
MNORBER,Manorbier
PNALLY,Penally
TENBY,Tenby
SDRSFOT,Saundersfoot
KILGETY,Kilgetty
NRBERTH,Narberth
WHLAND,Whitland
CLYNDRW,Clunderwen
FYSD,Ferryside
CMTHNBG,Carmarthen Bridge
CMTHN,Carmarthen
PILNING,Pilning
